,X_train,y_train
0,中国古代神話故事翻訳挑戦第0弾八百匹虎東京を騒がす(0),中国古代神話故事翻訳挑戦第0弾八百匹虎東京を騒がす(0)
1,私も親切で砕けた人ですから何時までも何か悩みがあるとしたら私にご相談していただければとても嬉しいと思いますね,私も親切で砕けた人ですから何時までも何か悩みがあるとしたら私にご相談いただければとても嬉しいと思いますね
2,今大方クラシックギターを練習していて時エレクトリックギターを弾く,今大方クラシックギターを練習していて時エレクトリックギターを弾きます
3,一冊を読み切ったわけではないのでただ一部を読んでみただけで今回のエントリーはこの本についての感想文ではありません,一冊を読み切ったわけではないのでただ一部を読んでみただけで今回のエントリーはこの本についての感想文ではありません
4,拝んで恩人の王天亮を牢獄から出したあと尾を振り出し長官を0丈外にぶっ飛ばした,拝んで恩人の王天亮を牢獄から出したあと尾を振り出し長官を0丈外にぶっ飛ばしました
5,たとえばタバコを吸わないでくださいやタバコを吸わないようにしてくださいは全然違いますか,たとえばタバコを吸わないでくださいやタバコを吸わないようにしてくださいは全然違いますか
6,神様だけが知っている秘密♫あはははっははははははっははははkkkkkkkkkkkkkkkkkkkkkkkkkkkk,神様だけが知っている秘密♫あはははっははははははっははははkkkkkkkkkkkkkkkkkkkkkkkkkkkk
7,一瞬のうち大堂のあちこち裏表に屋上にも家の下にも虎で一杯になっていた,一瞬のうち大堂のあちこち裏表に屋上にも家の下にも虎で一杯になっていました
8,二人は慎重に進んでいくと奥に広がる不思議な景色が目に飛び込んできた,二人は慎重に進んでいくと奥に広がる不思議な景色が目に飛び込んできました
9,need help with grammar for my japanese paper! topic:日本の社会の反抗分子ヤンキー,need help with grammar for my japanese paper! topic:日本の社会の反抗分子ヤンキー
10,学校が休みだったから友達と遊ぶことができる,学校がお休みだったので友達と遊ぶことができました
11,日本の教育制度が批判的にけんさされて社会のえいきょうは日本人が受ける,日本の教育制度が批判的にけんさされて社会のえいきょうは日本人が受けます
12,親のような官職についてるのに民のために利益をもたらし害を排除することなく逆にこの地域に災いを来すばかりでお前は何の役に立つのか,親のような官職についてるのに民のために利益をもたらし害を排除することなく逆にこの地域に災いを来すばかりでお前は何の役に立つのか
13,すぐにカードの上限を超え限度額を引き上げた,すぐにカードの上限を超え限度額を引き上げました
14,0年からチッソ株式会社はたくさんのアセトアルデヒドを生成していた,0年からチッソ株式会社はたくさんのアセトアルデヒドを生成していました
15,もう一ヶ月もかけてずっと練習したのに自分が本当は馬鹿みたいで皆の前で恥をかきました,もう一ヶ月もかけてずっと練習したのに自分が本当は馬鹿みたいで皆の前で恥をかきました
16,abraham lincolnアブラハムリンカーンもアメリカの大統領になるためにさいさん失敗しました,abraham lincolnアブラハムリンカーンもアメリカの大統領になるためにさいさん失敗しました
17,学校で知識を詰め込む教育に学生は困っていていい成績の競争は大変だ,学校で知識を詰め込む教育に学生は困っていていい成績の競争は大変です
18,おはよう,おはようございます
19,というわけで中訳と原作をちょっと比較してみると中訳はたしかに村上春樹さんの書いたように書いてあるんですけどたぶん原作を忠実に再現するつもりだったかなと思いました,というわけで中訳と原作を少し比較してみると中訳はたしかに村上春樹さんの書いたように書いてあるんですけどたぶん原作を忠実に再現するつもりだったかなと思いました
20,漢字でかくことがはじめてですだから間違いなく誤記が有ります,漢字でかくことがはじめてですだから間違いなく誤記が有ります
21,それは花嫁のご両親にされた障害を克服しながら愛を証明するという意味です,それは花嫁のご両親にされた障害を克服しながら愛を証明するという意味です
22,実は私は両国の若者ともある程度自分の国の伝統文化をゆるがせにしていると思っています,実は私は両国の若者ともある程度自分の国の伝統文化をゆるがせにしていると思っています
23,今日は両国のリーダーがやっとコミュニケーションをとったそうです,今日は両国のリーダーがやっとコミュニケーションをとられたそうです
24,かわりにむしろは大丈夫ですか家でいろんなものを作っています,かわりにむしろは大丈夫ですか家でいろんなものを作っています
25,水俣病の生存者と生存者の家族の証言によると水俣病はとてもひどい病だったらしい,水俣病の生存者と生存者の家族の証言によると水俣病はとてもひどい病だったらしいです
26,国際に影響もよくないしたとえば万博はまだ上海で行われているのにこんなことを起こす必要がありますか,国際に影響もよくないしたとえば万博はまだ上海で行われているのにこんなことを起こす必要がありますか
27,お医者さんに会ったけど彼はあなたは元気ですがティーンエイジャーだからいつも眠いのですねと言いました,お医者さんにお会いしましたが彼はあなたは元気ですがティーンエイジャーだからいつも眠いのですねとおっしゃいました
28,両方とも同じく大切なのが誰でもわかっているのにひとつしか選べなかったらどうする,両方とも同じく大切なのが誰でもわかっているのにひとつしか選べなかったらどうしますか
29,皆もいやですからクラス委員として責任を取らなければなりませんでした,皆もいやですからクラス委員として責任を取らなければなりませんでした
30,あるアニメが全部わかるのはまだまだだめだけど毎日新しい単語を覚えてそして次の日にこの単語を偶然聞いて理解できるのはとても嬉しかった,あるアニメが全部わかるのはまだまだだめですが毎日新しい単語を覚えてそして次の日にこの単語を偶然聞いて理解できるのはとても嬉しかったです
31,"時アメリカの女は""あたしは優しいガイが欲しい""と言ってんだけどこれらの人はいつも""優しいガイ""を拒否するか無視します","時アメリカの女性は""私は優しいガイが欲しい""と言っていますが彼女らはいつも""優しいガイ""を拒否するか無視します"
32,たとえびんぼうな家族でも希望がありましたからついに本田宗一郎は有名なオートバイの会社のかんりしゃになりました,たとえびんぼうな家族でも希望がありましたからついに本田宗一郎は有名なオートバイの会社のかんりしゃになりました
33,日本語能力試験の日がだんだん近づくにつれて私は不安になっています,日本語能力試験の日がだんだん近づくにつれて私は不安になっています
34,モスクワで普通新婚夫婦は赤の広場に行って永遠の火に花を捧げています,モスクワで普通新婚夫婦は赤の広場に行って永遠の火に花を捧げています
35,赤ちゃんはたくさん転んで痛みをかんじましたがどうして歩くことを練習しつづけましたか,赤ちゃんはたくさん転んで痛みをかんじましたがどうして歩くことを練習しつづけましたか
36,初めは日本のアニメや漫画が自分でわかるようにするために日本語の勉強始めた,初めは日本のアニメや漫画が自分でわかるようにするために日本語の勉強始めました
37,0時から0じまで我はよく運動していたのでとても楽しかったです,0時から0じまで我はよく運動していたのでとても楽しかったです
38,けいたはゆううん動物園に行くことにした友達のたろうも一緒に行くって言った,けいたさんはゆううん動物園に行くことに決めましたお友達のたろうさんも一緒に行くとおっしゃいました
39,新最初の部首はいつも覚えられませんからや乗変で大きいと思いますや黄いつも書き方を忘れますとか好きじゃありません,新最初の部首はいつも覚えられませんからや乗変で大きいと思いますや黄いつも書き方を忘れますとか好きではありません
40,完成したら弟にコスチュームの写真を撮ってくれるように頼みます,完成したら弟にコスチュームの写真を撮ってくれるように頼みます
41,だから姉さんが私の姿を見るとお前姿を見えないほど太ったまるでボールみたいって言いました,だから姉さんが私の姿を見るとお前姿を見えないほど太ったまるでボールみたいって言いました
42,日本人の友達と話したいでもなかなかちょっと年上の人だけと話せる,日本人の友達と話したいでもなかなかちょっと年上の人だけと話せる
43,たとえばタバコを吸わないでくださいやタバコを吸わないようにしてくださいは全然違いますか,たとえばタバコを吸わないでくださいやタバコを吸わないようにしてくださいは全然違いますか
44,そして前の海外旅行は...演奏と親族訪問などだけです...単純に旅行したことは一回もありません,そして前の海外旅行は...演奏と親族訪問などだけです...単純に旅行したことは一回もありません
45,そして私の一番の夢はタイへ行ってタイ語で現地の人と交流することです,そして私の一番の夢はタイへ行ってタイ語で現地の人と交流することです
46,でも今晩突然昔の彼女からのメッセージが届いてびっくりしました,でも今晩突然昔の彼女からのメッセージが届いてびっくりしました
47,私の中に鮮明に刻まれたあなたは思い出さなくとも自然と頭の中に浮かんできます,私の中に鮮明に刻まれたあなたは思い出さなくとも自然と頭の中に浮かんできます
48,乗り物とアトラクションのほかに公園の中には多くのファストフードと土産店もあります,乗り物とアトラクションのほかに公園の中には多くのファストフードと土産店もあります
49,edisonエジソンはひゃっかいでもせんかいでも失敗しました,edisonエジソンはひゃっかいでもせんかいでも失敗しました
50,今日は私の誕生日ではなかったけれども北京から帰た友達と一緒に私の誕生日のためにパーティーをしていました,今日は私の誕生日ではなかったのですけれども北京から帰た友達と一緒に私の誕生日のためにパーティーをしていました
51,つまり両方とも根拠を持って相手の言った事を反論できないと思います,つまり両方とも根拠を持って相手の言った事を反論できないと思います
52,レイの零号機に乗ってどうすんのしか出てこなくて質問の内容を一切考えられなかった,レイの零号機に乗ってどうすんのしか出てこなくて質問の内容を一切考えられませんでした
53,日本人にとって何が面白いwith japanese what is funny ?,日本人にとって何が面白いwith japanese what is funny ?
54,メルボルン空港からクーランガッタ空港まで飛行機で行って車に乗ると東方に約一時間かかります,メルボルン空港からクーランガッタ空港まで飛行機で行って車に乗ると東方に約一時間かかります
55,初めは日本のアニメや漫画が自分でわかるようにするために日本語の勉強始めた,初めは日本のアニメや漫画が自分でわかるようにするために日本語の勉強始めました
56,あついな今日は海に行こうぜ,暑いですね今日は海に行きましょう
57,0時から0じまで我はよく運動していたのでとても楽しかったです,0時から0じまで我はよく運動していたのでとても楽しかったです
58,好きな食べ物は日本の料理です好きな飲み物はビールです台湾のビールはとてもうまいですよ,好きな食べ物は日本の料理です好きな飲み物はビールです台湾のビールはとても美味しいですよ
59,今の時代はとても寛容な時代なのでいろいろな文化が共存することができます,今の時代はとても寛容な時代なのでいろいろな文化が共存することができます
60,コメント・ウィジェットはエラーなしに閉じましたが追加コメントは表示されないしページ・リフレッシュ後にも変更なしでした,コメント・ウィジェットはエラーなしに閉じましたが追加コメントは表示されないしページ・リフレッシュ後にも変更なしでした
61,コメント・ウィジェットはエラーなしに閉じましたが追加コメントは表示されないしページ・リフレッシュ後にも変更なしでした,コメント・ウィジェットはエラーなしに閉じましたが追加コメントは表示されませんしページ・リフレッシュ後にも変更なしでした
62,数日前にも真夜中に現れたけど雲じゃないかなオーロラかなと迷うようなぼんやりした光だった,数日前の真夜中にも現れたが雲じゃないよねオーロラだよねと迷うようなぼんやりした光でした
63,十月の時点で万物は既に萎びている季節なのでどこに花があるだろう,十月の時点で万物は既に萎びている季節なのでどこに花があるのでしょう
64,人に聞いたら日本語が上手になるためにはいい辞書がなければならないと言われましたそれで僕はいい辞書を探しはじめました,人に聞いたら日本語が上手になるためにはいい辞書がなければならないと言われましたそれで僕はいい辞書を探しはじめました
65,先生は刘伯温からもらった紺の菊花を手に持ってみたところ花の色もいいし咲き遅れというもののやはり咲いたものなのでもしかしたら刘伯温が大器晩成となるのし上がるのが遅いという兆しかもしれない,先生は刘伯温からもらった紺の菊花を手に持ってみたところ花の色もいいし咲き遅れというもののやはり咲いたものなのでもしかしたら刘伯温が大器晩成となるのし上がるのが遅いという兆しかもしれません
66,帰ったあと兄はインターネットで買うのはどうだと言いました僕は一度もインターネットで買い物をした経験がないからすべてを兄に手伝ってもらいました,帰ったあと兄はインターネットで買うのはどうだと言いました僕は一度もインターネットで買い物をした経験がないのですべてを兄に手伝ってもらいました
67,天気は大変暑くなりましたが私は七月十二日からスロバキアに行って山に近いコテージに住んでいます,天気は大変暑くなりましたが私は七月十二日からスロバキアに行って山に近いコテージに住んでいます
68,生日快樂(お誕生日おめでとう)という映画は彼女が書いたストーリーを使って彼女と古天樂さんが主役をする映画です,生日快樂(お誕生日おめでとう)という映画は彼女が書いたストーリーを使って彼女と古天樂さんが主役をする映画です
69,他の東南アジア諸国は元中国軍に対して危機感をつのらせており近年の経済発展に伴う東南アジア全体の軍備増強は目覚しいものがあると聞いています,他の東南アジア諸国は元中国軍に対して危機感をつのらせており近年の経済発展に伴う東南アジア全体の軍備増強は目覚しいものがあると伺っております
70,まずは自分の国の伝統文化を大切にしてみたらいいのではないでしょうか,まずは自分の国の伝統文化を大切にしてみたらいいのではないでしょうか
71,こんなことをやってみました字幕の上に紙を張って真剣に聞くだけです,こんなことをやってみました字幕の上に紙を張って真剣に聞くだけです
72,この週末はアメリカにいる最後だから私の友達と家族と遊んでいるんですが時間が止まったようです,この週末はアメリカにいる最後だから私の友達と家族と遊んでいるんですが時間が止まったようです
73,妹は会社から無料のチケットをもらったから映画を見に行く時間を変えられなかったです,妹は会社から無料のチケットをもらったので映画を見に行く時間を変えられませんでした
74,那覇裁判所は日本の国内法で裁判したこういうやり方は適当なのかと考えています,那覇裁判所は日本の国内法で裁判したこういうやり方は適当なのかと考えています
75,生日快樂(お誕生日おめでとう)という映画は彼女が書いたストーリーを使って彼女と古天樂さんが主役をする映画です,生日快樂(お誕生日おめでとう)という映画は彼女が書いたストーリーを使って彼女と古天樂さんが主役をする映画です
76,日本人の友達と話したいでもなかなかちょっと年上の人だけと話せる,日本人の友達と話したいですでもなかなか少し年上の人だけと話せます
77,けれども若い人はせいげんのある社会に反抗するからべつの文化を作る,けれども若い人はせいげんのある社会に反抗するのでべつの文化を作ります
78,私は歩いていますよ赤ちゃんは話せませんでしたが私にそう言っているようでした,私は歩いていますよ赤ちゃんは話せませんでしたが私にそう言っているようでした
79,そのうえ晩ご飯は消化しにくい豆腐を食べましたが胃痛はありませんでした,そのうえ晩ご飯は消化しにくい豆腐を頂きましたが胃痛はありませんでした
80,みんながこの世の中に使命を負わなければならないと思っています,みんながこの世の中に使命を負わなければならないと思っています
81,現在両国の若者文化にはいろいろな共通点もありましたが自分の特色も持っています,現在両国の若者文化にはいろいろな共通点もありましたが自分の特色も持っています
82,太陽表面で大規模な爆発現象太陽フレアが発生したのを受け北海道でも空が赤く染まるなど世界各地でオーロラが観測された,太陽表面で大規模な爆発現象太陽フレアが発生したのを受け北海道でも空が赤く染まるなど世界各地でオーロラが観測されました
83,まず今回の事件は本当に偶然なのかまだ判断できないと思います,まず今回の事件は本当に偶然なのかまだ判断できないと思います
84,今日は私の誕生日ではなかったけれども北京から帰た友達と一緒に私の誕生日のためにパーティーをしていました,今日は私の誕生日ではなかったけれども北京から帰た友達と一緒に私の誕生日のためにパーティーをしていました
85,叔母はstratfordストラトフォードに住んでいますここから0キロです,叔母はstratfordストラトフォードに住んでいますここから0キロです
86,名前の発音はかたかなでよく書けます弟は写真をたくさん撮りたいと言いましたが洞の半分ぐらいの写真を撮った後でカメラが壊れてしまいました,名前の発音はかたかなでよく書けます弟は写真をたくさん撮りたいと言いましたが洞の半分ぐらいの写真を撮った後でカメラが壊れてしまいました
87,日本語を一人でべんきょうしているから鳥渡わるいかもしれないです,日本語を一人で勉強しているから鳥渡わるいかもしれないです
88,で日本語を中国語に翻訳する一番難しいところはなんだろうと聞かれたら私は断然センテンスの組み立て方がまったく違って改めて組まないといけない部分は困ると返事しています,それで日本語を中国語に翻訳する一番難しいところはなんだろうと聞かれたら私は断然センテンスの組み立て方がまったく違って改めて組まないといけない部分は困ると返事しています
89,だから今日はバイクを買っちゃいました格好よくない中古車ですけど,だから今日はバイクを買ってしまいました格好よくない中古車ですけど
90,ちなみに…明日の夜叔母の家にとまりに行ってきます待ちきれません☆,ちなみに…明日の夜叔母の家にとまりに行ってきます待ちきれません☆
91,それでコメントを書くことを試してみましたけどそれも不可能になったみたいです,それでコメントを書くことを試してみましたけどそれも不可能になったみたいです
92,僕の出身ではほとんどの和食のレストランのマネジャーは韓国人か中国人だと思う,僕の出身ではほとんどの和食のレストランのマネジャーは韓国人か中国人だと思います
93,クイーンズランド州にはゴールドコーストは一年中ほとんど暖かい天気なのでここに外国人がたくさん来て観光します,クイーンズランド州にはゴールドコーストは一年中ほとんど暖かい天気なのでここに外国人がたくさん来て観光します
94,そしてニンジンとキュウリとほうれん草と日本のマヨネーズもあります,そしてニンジンとキュウリとほうれん草と日本のマヨネーズもあります
95,もし年齢に関係なくみんなが使えるカバンが作れたら金持ちになるかもしれない,もし年齢に関係なくみんなが使えるカバンが作れたら金持ちになるかもしれません
96,そのうえ晩ご飯は消化しにくい豆腐を食べましたが胃痛はありませんでした,そのうえ晩ご飯は消化しにくい豆腐をいただきましたが胃痛はございませんでした
97,日本語より英語と中国語の言葉を排列する順番は似ているので英語が苦手なんですけど中高生のころだったんですが英語を中国語に訳すことがあまり厄介ではなかった気がしました,日本語より英語と中国語の言葉を排列する順番は似ているので英語が苦手なんですけど中高生のころだったんですが英語を中国語に訳すことがあまり厄介ではなかった気がしました
98,日本の教育制度の究極の目的は日本人は社会に入って社会人になる,日本の教育制度の究極の目的は日本人は社会に入って社会人になります
99,でもある時成功するために私も一度決めたら他人のアドバイスを聞かない頑固な人だけでなく気もよくいらいらする人になります,でもある時成功するために私も一度決めたら他人のアドバイスを聞かない頑固な人だけでなく気もよくいらいらする人になります
100,春節は一番大切なお祝い日だから皆はせめて春節の時に実家に帰って家族と一緒に過ごしたいです,春節は一番大切なお祝い日なので皆はせめて春節の時に実家に帰って家族と一緒に過ごしたいです
101,一番前に座っている学生が親切にこっそりその歌詞を教えてくれましたが全然うまく歌えませんでした,一番前に座っている学生が親切にこっそりその歌詞を教えてくれましたが全然うまく歌えませんでした
102,新最初の部首はいつも覚えられませんからや乗変で大きいと思いますや黄いつも書き方を忘れますとか好きじゃありません,新最初の部首はいつも覚えられませんのでや乗変で大きいと思いますや黄いつも書き方を忘れますとか好きではありません
103,でも最近日本の女の子の間でとても人気がある森ガールというスタイルは私もすごく気に入っていました,でも最近日本の女の子の間でとても人気がある森ガールというスタイルは私もとても気に入っていました
104,いま私はmikkomさんのコメントを借用して自分の考えを書きます,いま私はmikkomさんのコメントを借用しまして自分の考えを書きます
105,失敗なんか全然恥ずかしくない貴女よく頑張るわねと中学三年の国語担当の先生から言われました,失敗なんか全然恥ずかしくない貴女よく頑張るわねと中学三年の国語担当の先生がおっしゃいました
106,私にとっては結婚式を挙げるより新婚旅行する方がいいのではないでしょうか,私にとっては結婚式を挙げるより新婚旅行する方がいいのではないでしょうか
107,たろうは冒険が大好きでいつも新しい発見をするのが楽しみだった,太郎は冒険心が旺盛で新しい発見をすることが楽しみでした
108,"お菓子はおいしいです.だから私はお菓子が大好きです!毎日,私はお菓子を食べます!","お菓子はおいしいです.だから私はお菓子が大好きです!毎日,私はお菓子を食べます!"
109,釣魚台島のことは中国語でいえば公説公有理婆説婆有理です,釣魚台島のことは中国語でいえば公説公有理婆説婆有理です
110,たぶんどこかでtop secretとして封印されるかもしれません,たぶんどこかでtop secretとして封印されるかもしれません
111,おばあちゃんのせりふの半分以上わかんないというときは少なくなかったよ,祖母のせりふの半分以上わかんないというときは少なくなかったよ
112,東京部の最低賃金は0時間で0円だがアメリカは0時間で0ドルだ,東京部の最低賃金は0時間で0円ですがアメリカは0時間で0ドルです
113,そして僕の生まれ育ったところは田舎ですからそれに比べて東京の生活費はやばそうです,そして僕の生まれ育ったところは田舎ですからそれに比べて東京の生活費は高そうです
114,でも日本語の原作を見るうちにわからない言葉はあったんですけど中訳より理解できる気がしました,でも日本語の原作を見るうちにわからない言葉はあったのですけど中訳より理解できる気がしました
115,このようなことは屋上でタバコをすってもく制服を変えて時ちゅうと退学する,このようなことは屋上でタバコをすってもく制服を変えて時ちゅうと退学します
116,ところで一番聞き取りにくかったのがやっぱりおばあちゃんの言葉だった,ところで一番聞き取りにくかったのがやはり祖母の言葉でした
117,楽しい一日だったまた海に行こう,楽しい一日でしたまた海に行きましょう
118,それに対して日本でもインターネット上で流行している言葉を選ぶネット流行語大賞というものがありまして0年の金賞はそんな装備で大丈夫かという0dアクションゲームのセリフでした,それに対して日本でもインターネット上で流行している言葉を選ぶネット流行語大賞というものがありまして0年の金賞はそんな装備で大丈夫かという0dアクションゲームのセリフでした
119,だからエントリーを書いたらすぐlang0に置くことができないので日にちをエントリーに付けます,ですのでエントリーを書いたらすぐlang0に置くことができないので日にちをエントリーに付けます
120,残念ながら数年ほど前に最後の一匹は老齢のため亡くなりました,残念ながら数年ほど前に最後の一匹は老齢のため亡くなりました
121,だっていつも字幕を観てたしちょっとだけ聞き取った言葉に自信がなくても漢字から意味を探したりしてたもんで次回から字幕を隠そうと思ってる,なぜならいつも字幕を観てたし少しだけ聞き取った言葉に自信がなくても漢字から意味を探したりしていたもので次回から字幕を隠そうと思っています
122,それで祝えなくてプレゼントを司会者をつうじて渡した人もいました,それで祝えなくてプレゼントを司会者をつうじて渡した人もいらっしゃいました
123,palmspringsでは沢山のresortがあります,palmspringsでは沢山のresortがあります
124,小米さんは失うことを恐れるためむしろ始めることをしませんでした,小米さんは失うことを恐れるためむしろ始めることをしませんでした
125,そして0時くらいに喫茶店でレーシャルとジョノサンとベルに会いました,そして0時くらいに喫茶店でレーシャルとジョノサンとベルに会いました
126,そのとき受付の人からちなみに大島先生はしばらく日本に戻りましたので今日から二月まで授業が代講になりましたって言われました,そのとき受付の人からちなみに大島先生はしばらく日本に戻りましたので今日から二月まで授業が代講になりましたと言われました
127,ちょうどその時期班長さんは病気で学習委員の私がやらなければなりませんでした,ちょうどその時期班長さんは病気で学習委員の私がやらなければなりませんでした
128,文字通りに若者に支持されている文化的形態や活動だと私は理解しています,文字通りに若者に支持されている文化的形態や活動だと私は理解しています
129,ストーリーはまだわからないですけどドラマをリスタートしました,ストーリーはまだわからないですけどドラマをリスタートしました
130,でも友達はもしその理由で別れたら彼がかわいそうだと答えました,でも友達はもしその理由で別れたら彼がかわいそうだと答えました
131,王天亮は耳にさらさらと風の吹く音をさせながら疾風迅雷のような速さであっという間にうちに戻った,王天亮は耳にさらさらと風の吹く音をさせながら疾風迅雷のような速さであっという間にうちに戻りました
132,馬の名前はbissenpuntomayとcappiです,馬の名前はbissenpuntomayとcappiです
133,毎日新聞に漁船は先兵として日本に探察しに来るかもしれないと書いてあります,毎日新聞に漁船は先兵として日本に探察しに来るかもしれないと書いてあります
134,ぼうしゃにいたら森に行ったり川にいったりして過ごしたいです,ぼうしゃにいたら森に行ったり川にいったりして過ごしたいです
135,0日から0日まではavconというアニメとテレビゲームの大会です,0日から0日まではavconというアニメとテレビゲームの大会です
136,それでコメントを書くことを試してみましたけどそれも不可能になったみたいです,それでコメントを書くことを試してみましたけどそれも不可能になったみたいです
137,あるアニメが全部わかるのはまだまだだめだけど毎日新しい単語を覚えてそして次の日にこの単語を偶然聞いて理解できるのはとても嬉しかった,あるアニメが全部わかるのはまだまだだめですが毎日新しい単語を覚えてそして次の日にこの単語を偶然聞いて理解できるのはとても嬉しく思いました
138,福山と柴崎はもちろん好きだし北村一輝と松雪泰子も昔から気に入る俳優で一緒に出演していて嬉しかったです,福山と柴崎はもちろん好きだし北村一輝と松雪泰子も昔から気に入る俳優で一緒に出演していて嬉しかったです
139,それもかたにはまらないスタイルをもってオートバイを運転する,それもかたにはまらないスタイルをもってオートバイを運転します
140,日本語0のクラスは楽しいですけどクラスメイトはへんです,日本語0のクラスは楽しいですけどクラスメイトはへんです
141,それからの一年間なんだか気まずい雰囲気になってしまいました,それからの一年間なんだか気まずい雰囲気になってしまいました
142,二人は昔からの親友でいつも一緒に遊んでいた,二人は幼い頃からの親友でありいつも一緒に遊んでいました
143,映画はもうパソコンに入っててただサブタイトルのファイルが必要だ,映画はもうパソコンに入っていてただサブタイトルのファイルが必要です
144,日本語を一人でべんきょうしているから鳥渡わるいかもしれないです,日本語を一人でべんきょうしているから鳥渡わるいかもしれないです
145,それで中国政府は世論の圧力に対して日本側に何かしないといけません,それで中国政府は世論の圧力に対して日本側に何かしなければいけません
146,赤ちゃんはたくさん転んで痛みをかんじましたがどうして歩くことを練習しつづけましたか,赤ちゃんはたくさん転んで痛みをかんじましたがどうして歩くことを練習しつづけましたか
147,昔を思い出すと子供は本当にいいなという感覚が脳に浮かんできます,昔を思い出すと子供は本当にいいなという感覚が脳に浮かんできます
148,先生私は牡丹のことがずっと好きです猛威にもめげない花で武則天が厳冬の雪のある日に号令一下花は皆咲き出したが牡丹だけは依然として枝のままで立ち誇っていて本性を忘れることがなかったのです,先生私は牡丹のことがずっと好きです猛威にもめげない花で武則天が厳冬の雪のある日に号令一下花は皆咲き出したが牡丹だけは依然として枝のままで立ち誇っていて本性を忘れることがなかったのです
149,そして彼女には美しい妹さんがいるそうですが今年大学へ進学したそうです,そして彼女には美しい妹さんがいらっしゃるそうですが今年大学へ進学されたそうです
150,夏休みの宿題がぜんぜん書けないよ母さんはダメですみませんね・・・・・さっきあるコスプレの同志が手伝おうって言った感動した,夏休みの宿題がぜんぜん書けないよ母さんはダメですみませんね・・・・・さっきあるコスプレの同志が手伝おうと言いました感動しました
151,好きな歌手はカナダの女性ロッカーのアブリルラビンだと言いました,お好きな歌手はカナダの女性ロッカーのアブリルラビンだとおっしゃいました
152,あまりメールなどを書かないので敬語の使い方はかなり不安になりました,あまりメールなどを書かないので敬語の使い方はかなり不安になりました
153,そしてネット上ではこのセリフをまねてそんなooで大丈夫かと尋ねると大丈夫だ問題ないと答えるやりとりが大流行でした,そしてネット上ではこのセリフをまねてそんなooで大丈夫かと尋ねると大丈夫だ問題ないと答えるやりとりが大流行でした
154,釣魚台島のことは中国語でいえば公説公有理婆説婆有理です,釣魚台島のことは中国語でいえば公説公有理婆説婆有理です
155,今日は最初のポストを送りましたそして五人がすぐに答えました,今日は最初のポストを送りましたそして五人がすぐに答えました
156,あまり鋭くありませんがこんなに小さい小ナイフなら十分です,あまり鋭くありませんがこんなに小さい小ナイフなら十分です
157,マジで時間が足りないよ冗談はやめてくれない進学はどうするのクラス委員さんがやればいいのにと皆は文句を言いました,マジで時間が足りないよ冗談はやめてくれない進学はどうするのクラス委員さんがやればいいのにと皆は文句を言いました
158,国内のメディアも管理されて過激な言論はいっさい禁止されています,国内のメディアも管理されて過激な言論はいっさい禁止されています
159,もう進学試験が迫っているのに放棄するわけにはいきませんでした,もう進学試験が迫っているのに放棄するわけにはいきませんでした
160,(演じた)ドラマ映画サイゴン・ラブ・ストーリーラブ・ストーリー,(演じた)ドラマ映画サイゴン・ラブ・ストーリーラブ・ストーリー
161,気象庁は宮城県沿岸に津波警報を発令青森県の太平洋沿岸と岩手福島茨城各県の沿岸には津波注意報を発令しました,気象庁は宮城県沿岸に津波警報を発令青森県の太平洋沿岸と岩手福島茨城各県の沿岸には津波注意報を発令しました
162,朝ごはんはトーストにバターとべジマイトを薄くぬって食べました,朝ごはんはトーストにバターとべジマイトを薄くぬって食べました
163,英語映画がいっぱいあって日本人の友達と見たいけどその友達は英語が分からない,英語映画がたくさんあって日本人の友達と見たいですがその友達は英語が分かりません
164,私はずっとそれを信じて日本に留学したいですほかの国で外の視点から自分の国のことをもう一度見つめていたいです,私はずっとそれを信じて日本に留学したいですほかの国で外の視点から自分の国のことをもう一度見つめていたいです
165,今回ばかりは台風の影響かもしれないけど台湾人とスカイプするたびに問題はあまりない,今回ばかりは台風の影響かもしれませんが台湾人とスカイプするたびに問題はあまりありません
166,十月の時点で万物は既に萎びている季節なのでどこに花があるだろう,十月の時点で万物は既に萎びている季節なのでどこに花があるのでしょうか
167,日本の教育制度が批判的にけんさされて社会のえいきょうは日本人が受ける,日本の教育制度が批判的にけんさされて社会のえいきょうは日本人が受けます
168,abraham lincolnアブラハムリンカーンもアメリカの大統領になるためにさいさん失敗しました,abraham lincolnアブラハムリンカーンもアメリカの大統領になるためにさいさん失敗しました
169,クイーンズランド州の中で観光するならできるだけアトラクション公園に入るべきです,クイーンズランド州の中で観光するならできるだけアトラクション公園に入るべきです
170,今までスロバキアにいてインターネットがなくてちょっと困ったので七月の半期はlang-0にエントリーを書くことができませんでした,今までスロバキアにいてインターネットがなくて少し困りましたので七月の半期はlang-0にエントリーを書くことができませんでした
171,外国人が日本に来て数年で花粉症になったという話もよく聞く,外国人が日本に来て数年で花粉症になったという話もよく聞きます
172,だからエントリーを書いたらすぐlang0に置くことができないので日にちをエントリーに付けます,ですからエントリーを書いたらすぐlang0に置くことができないので日にちをエントリーに付けます
173,で日本語を中国語に翻訳する一番難しいところはなんだろうと聞かれたら私は断然センテンスの組み立て方がまったく違って改めて組まないといけない部分は困ると返事しています,それで日本語を中国語に翻訳する一番難しいところはなんだろうと聞かれましたら私は断然センテンスの組み立て方がまったく違って改めて組まないといけない部分は困るとお返事しております
174,もし赤ちゃんがあきらめたら今でも歩くことができないと思います,もし赤ちゃんがあきらめたら今でも歩くことができないと思います
175,まあ一応日本語の文章を読めるだけでうれしいことなんですけどね,まあ一応日本語の文章を読めるだけでうれしいことなんですけどね
176,それ以上我慢できないおばさんはとうとう離婚の道を選んだ,それ以上我慢できないおばさんはとうとう離婚の道を選びました
177,旅行している時に迷ったら........北海道はいつもきれいなところだと思います,旅行している時に迷ったら........北海道はいつもきれいなところだと思います
178,皆さんは自分を愛して(もっと自信を持って)好きな人と恋する勇気を持ちますように,皆さんは自分を愛して(もっと自信を持って)好きな人と恋する勇気を持ちますように
179,先生私は牡丹のことがずっと好きです猛威にもめげない花で武則天が厳冬の雪のある日に号令一下花は皆咲き出したが牡丹だけは依然として枝のままで立ち誇っていて本性を忘れることがなかったのです,先生私は牡丹のことがずっと好きです猛威にもめげない花で武則天が厳冬の雪のある日に号令一下花は皆咲き出しましたが牡丹だけは依然として枝のままで立ち誇っていて本性を忘れることがなかったのです
180,先日先生は日本の奥さんは旦那さんが寝た後に化粧を落とし始めるという話をしました,先日先生は日本の奥さんは旦那さんが寝た後に化粧を落とし始めるという話をしました
181,クレジットカードをスキャンしましたそしておきゃくさんが払いました,クレジットカードをスキャンしましたそしてお客様が払いました
182,ということは今は日本語の本を楽しめるようになって手元の中訳バージョンはいらなくてもいいほどですが少し気にすることがあります,ということは今は日本語の本を楽しめるようになって手元の中訳バージョンはいらなくてもいいほどですが少し気にすることがあります
183,慌てて私は緊張のせいかもしれませんが歌詞をまるっきり忘れてしまいました,慌てて私は緊張のせいかもしれませんが歌詞をまるっきり忘れてしまいました
184,パープルとイエロマニキュアを買いたいです…最近そのカラーコンボが大好きです,パープルとイエロマニキュアを買いたいです…最近そのカラーコンボが大好きです
185,クイーンズランド州の中で観光するならできるだけアトラクション公園に入るべきです,クイーンズランド州の中で観光するならできるだけアトラクション公園に入るべきです
186,西洋のクリスマスとかバレンタインデーとか中日でもとても人気があってブームになってきましたが自国の伝統的な祝日は昔の人と同じようにちゃんとすごしているんですか,西洋のクリスマスとかバレンタインデーとか中日でも大変人気があってブームになってきましたが自国の伝統的な祝日は昔の人と同じようにきちんとすごしているんですか
187,昨夜0時0分ごろ宮城県北部と中部で震度0強m0の地震がありました,昨夜0時0分ごろ宮城県北部と中部で震度0強m0の地震がありました
188,明日の路線をまだ決めてない....旅行で一番大切なことは食べる物か,明日の路線をまだ決めてません....旅行で一番大切なことは食べる物か
189,私の一番好きなテレビ番組はtorchwoodとdoctor whoです,私の一番好きなテレビ番組はtorchwoodとdoctor whoです
190,ネットで交流するとき火星文字を使うとか自分で自分を撮影することが好きとかメッセンジャーの空間を色鮮やかに飾ったりなどいろいろな特徴を持っています,ネットで交流するとき火星文字を使うとか自分で自分を撮影することが好きとかメッセンジャーの空間を色鮮やかに飾ったりするなどいろいろな特徴を持っています
191,0年にひとりの日本人の教授が0年の内に中日戦争がきっとあると予測しました,0年にひとりの日本人の教授が0年の内に中日戦争がきっとありますと予測されました
192,いつか私たちの東洋的な若者文化はきっと世界中でブームになります,いつか私たちの東洋的な若者文化はきっと世界中でブームになります
193,私はうちの学科のかわいい後輩のヒョンソンアさんについて紹介します,私はうちの学科のかわいい後輩のヒョンソンアさんについて紹介します
194,それなのにクリスマスの日に学校は歌コンクールを行うことになりました,それなのにクリスマスの日に学校は歌コンクールを行うことになりました
195,皆さんは自分を愛して(もっと自信を持って)好きな人と恋する勇気を持ちますように,皆様はご自分を愛してもっと自信をお持ちになって好きな人と恋する勇気をお持ちになりますように
196,アメリカの金持ちならソフトウェアの会社の会長ビル・ゲイツほど財産が多い人はいない,アメリカの金持ちならソフトウェアの会社の会長ビル・ゲイツほど財産が多い人はいない
197,どのくらい再び愛することが出来ますか(有多少愛可以重來)という歌は,どのくらい再び愛することが出来ますか有多少愛可以重來という歌は
198,アメリカのceoと生産労働者の総年収の格差は大きすぎるそのシステムはおかしくないだろうか,アメリカのceoと生産労働者の総年収の格差は大きすぎますそのシステムはおかしくないでしょうか
199,失敗なんか全然恥ずかしくない貴女よく頑張るわねまだ子供みたいな私にとって先生の励ましの言葉は何よりです,失敗なんか全然恥ずかしくない貴女よく頑張るわねまだ子供みたいな私にとって先生の励ましの言葉は何よりです
200,東日本大震災から約0カ月復興に向かおうとしている震災地の住民達は大震災を思い出させる津波の警報と揺れにみんなすごく不安な一夜を過ごしたようです,東日本大震災から約0カ月復興に向かおうとしている震災地の住民達は大震災を思い出させる津波の警報と揺れにみんなとても不安な一夜を過ごしたそうです
201,叔母はstratfordストラトフォードに住んでいますここから0キロです,叔母はstratfordストラトフォードに住んでいますここから0キロです
202,まず学生の時に一所懸命勉強しなければならなくて名門大学へ行かなければならない一番名門会社でやとわれるとそれでせいこうしたと思われている,まず学生の時に一所懸命勉強しなければならなくて名門大学へ行かなければなりません一番名門会社でやとわれるとそれでせいこうしたと思われています
203,アイルランドの音楽が好きでこの楽器の音が大好きなので習いたいのだ,アイルランドの音楽が好きでこの楽器の音が大好きなので習いたいのです
204,毎日授業が終わった後一人でcdを聞いて歌詞を暗記しました,毎日授業が終わった後一人でcdを聞いて歌詞を暗記しました
205,私はこの二年間勉強していますでも私はたくさんの間違いをします,私はこの二年間勉強していますでも私はたくさんの間違いをします
206,材料はひよこ豆とパスタと卵とニンニクと小麦粉といろいろなスパイスです,材料はひよこ豆とパスタと卵とニンニクと小麦粉といろいろなスパイスです
207,しばらく前にamazonからa handbook of japanese function wordsという本を買いました,しばらく前にamazonからa handbook of japanese function wordsという本を買いました
208,そしてニンジンとキュウリとほうれん草と日本のマヨネーズもあります,そしてニンジンとキュウリとほうれん草と日本のマヨネーズもあります
209,日本語0のクラスは楽しいですけどクラスメイトはへんです,日本語0のクラスは楽しいですけどクラスメイトはへんです
210,妹は会社から無料のチケットをもらったから映画を見に行く時間を変えられなかったです,妹は会社から無料のチケットを頂いたので映画を見に行く時間を変えられませんでした
211,東日本大震災から約0カ月復興に向かおうとしている震災地の住民達は大震災を思い出させる津波の警報と揺れにみんなすごく不安な一夜を過ごしたようです,東日本大震災から約0カ月復興に向かおうとしている震災地の住民達は大震災を思い出させる津波の警報と揺れにみなさんすごく不安な一夜を過ごしたようです
212,映画の中で小南さんがよく歌っている歌ですが本当に小米さんの気持ちを歌い上げていました,映画の中で小南さんがよく歌っている歌ですが本当に小米さんの気持ちを歌い上げていました
213,palmspringsでは沢山のresortがあります,palmspringsでは沢山のresortがあります
214,このままだったら私は何の為に生きているのかが分からないまま生きるかも知れない,このままでしたら私は何の為に生きているのかが分からないまま生きるかも知れません
215,彼らは青とした森や美しい湖を見つけ不思議な動物たちと出会った,彼らは青とした森や美しい湖を見つけ不思議な動物たちと出会いました
216,今両国の若者文化の中で私はどうしても気にするのはそこには自分の国の伝統的なものはとても少ないのではないでしょうか,今両国の若者文化の中で私はどうしても気にするのはそこには自分の国の伝統的なものはとても少ないのではないでしょうか
217,機動性を求めてる人に対してはやっぱりバイクを持ってないと無理です,機動性を求めてる人に対してはやはりバイクを持ってないと無理です
218,よく一番人気があるアトラクションで人がいる時に遊ぶために長く待ちます,よく一番人気があるアトラクションで人がいる時に遊ぶために長く待ちます
219,私はこの二年間勉強していますでも私はたくさんの間違いをします,私はこの二年間勉強していますでも私はたくさんの間違いをします
220,けれども若い人はせいげんのある社会に反抗するからべつの文化を作る,けれども若い人はせいげんのある社会に反抗するからべつの文化を作ります
221,もし都合がよかったらこのバグを訂正していただき訂正完了のことを電信を通じて知らせていただきたいです,もし都合がよかったらこのバグを訂正していただき訂正完了のことを電信を通じて知らせていただきたいです
222,もう進学試験が迫っているのに放棄するわけにはいきませんでした,もう進学試験が迫っているのに放棄するわけにはいきませんでした
223,小米さんは失うことを恐れるためむしろ始めることをしませんでした,小米さんは失うことを恐れるのでむしろ始めることをしませんでした
224,日本語の先生の中で大島先生のことが一番好きですから一言もいえずに会えなくなっちゃって寂しい感じがしました...ちゃんと戻ってきてくれるかなってちょっと心配になってきました,日本語の先生の中で大島先生のことが一番好きですから一言も申せずにお目にかかれなくなってしまって寂しい感じがしました...ちゃんとお戻りになるかと少し心配になってきました
225,あさってけいたはひまだった,あさってけいたさんは暇でした
226,クイーンズランド州にはゴールドコーストは一年中ほとんど暖かい天気なのでここに外国人がたくさん来て観光します,クイーンズランド州にはゴールドコーストは一年中ほとんど暖かい天気なのでここに外国人がたくさん来て観光します
227,たぶん最初中国政府も日本の官僚たちがこんなことを起こして国会議員たちに圧力をかけて選挙を影響を与えるのが日本側の目的だと思っています,たぶん最初中国政府も日本の官僚たちがこんなことを起こして国会議員たちに圧力をかけて選挙を影響を与えるのが日本側の目的だと思っています
228,私はバドミントンが大好きですから今日は友達と大学の体育館に行きました,私はバドミントンが大好きですので今日は友達と大学の体育館に行きました
229,何と不思議なことに虎たちは兵士たちと民衆たちに加害もせず一目散に虎のキングを伴って開封府の大堂についた,何と不思議なことに虎たちは兵士たちと民衆たちに加害もせず一目散に虎のキングを伴って開封府の大堂につきました
230,外は暑い太陽が照りつけていたが中に入ると涼しい風が心地よかった,外は暑い太陽が照りつけていましたが中に入ると涼しい風が心地よく感じられました
231,失敗なんか全然恥ずかしくない貴女よく頑張るわねまだ子供みたいな私にとって先生の励ましの言葉は何よりです,失敗なんか全然恥ずかしくない貴女よく頑張るわねまだ子供みたいな私にとって先生の励ましの言葉は何よりです
232,でも信用がありましたからついにedisonは沢山必要な物をはつめいしました,でも信用がありましたからついにedisonは沢山必要な物をはつめいしました
233,この頃の私はすぐ社会人になるにもかかわらず学生気質がまだ抜けきりませんね,この頃の私はすぐ社会人になるにもかかわらず学生気質がまだ抜けきりませんね
234,私にとっては結婚式を挙げるより新婚旅行する方がいいのではないでしょうか,私にとっては結婚式を挙げるより新婚旅行する方がいいのではないでしょうか
235,実は今コンピューターゲームをしたいのですがまずエントリーを書くほうがいいです,実は今コンピューターゲームをしたいのですがまずエントリーを書くほうがいいです
236,うれしい限りですが知らない言葉はまだいっぱいありますので辞書を引くのは相変わらず必要なぐらいでした,うれしい限りですが知らない言葉はまだいっぱいありますので辞書を引くのは相変わらず必要なぐらいでした
237,ドラマを見る時字幕を見なければストーリーが分りにくいです,ドラマを見る時字幕を見なければストーリーが分りにくいです
238,お前ら二人は別の主に仕え都合の悪いときに居直ったりしていがみ合うような真似をしたりすることがあるのかいと聞き出した,お前ら二人は別の主に仕え都合の悪いときに居直ったりしていがみ合うような真似をしたりすることがあるのかいと聞き出しました
239,例えばまだヤンキーが人気な反抗の文化でアメリカの`yankee'という単語から作られる,例えばまだヤンキーが人気な反抗の文化でアメリカの`yankee'という単語から作られます
240,明日の路線をまだ決めてない....旅行で一番大切なことは食べる物か,明日の路線をまだ決めていません....旅行で一番大切なことは食べる物ですか
241,好きな食べ物は日本の料理です好きな飲み物はビールです台湾のビールはとてもうまいですよ,好きな食べ物は日本の料理です好きな飲み物はビールです台湾のビールはとてもおいしいですよ
242,いま私はmikkomさんのコメントを借用して自分の考えを書きます,いま私はmikkomさんのコメントを借用して自分の考えを書きます
243,たろうとゆうたは驚きと興奮で言葉を失った,太郎と裕太は驚きと興奮で言葉を失いました
244,また手を伸ばして施耐庵からもらった牡丹の枝を手にとって見たら花がついてない見間違って老眼を疑っているかのように目を揉んだあともう一度見ても花がついてない鼻で嗅いでみたら信じがたくても枝であることを信じざるを得なかった施耐庵よ何で枝を花と見なしたのと不可解げに聞いた,また手を伸ばして施耐庵からもらった牡丹の枝を手にとって見たら花がついてない見間違って老眼を疑っているかのように目を揉んだあともう一度見ても花がついてない鼻で嗅いでみたら信じがたくても枝であることを信じざるを得なかった施耐庵よ何で枝を花と見なしたのと不可解げに聞きました
245,それに対して日本でもインターネット上で流行している言葉を選ぶネット流行語大賞というものがありまして0年の金賞はそんな装備で大丈夫かという0dアクションゲームのセリフでした,それに対して日本でもインターネット上で流行している言葉を選ぶネット流行語大賞というものがありまして0年の金賞はそんな装備で大丈夫かという0dアクションゲームのセリフでした
246,さらにアメリカの最低賃金は先進国の中で最も低い賃金の一つだ,さらにアメリカの最低賃金は先進国の中で最も低い賃金の一つです
247,先日先生は日本の奥さんは旦那さんが寝た後に化粧を落とし始めるという話をしました,先日先生は日本の奥さんは旦那さんが寝た後に化粧を落とし始めるという話をなさいました
248,ビーチに着いたらたくさんの人がいたみんなが楽しそうだな,ビーチに着きたら多くの方がいました皆さんが楽しそうて見えました
249,ちょうど良かったのは私のクラスメイトの中のひとりの女の子は船長と同じ村の人です彼女はあのおじさん,ちょうど良かったのは私のクラスメイトの中のひとりの女の子は船長と同じ村の人です彼女はあのおじさん
250,それで二人の弟子に向けて今や政府不振政治腐敗天下の混乱は遠からず来る,それで二人の弟子に向けて今や政府不振政治腐敗天下の混乱は遠からず来る
251,また日本のロックバンド及びミュージシャンから始まって過激で派手な化粧や髪型衣装などを特徴としているヴィジュアル系も私はどうしても受け入れられません,また日本のロックバンド及びミュージシャンから始まって過激で派手な化粧や髪型衣装などを特徴としているヴィジュアル系も私はどうしても受け入れられません
252,夜日本語を勉強したかったのに先にオンラインでドラムマシーンを探し始めてしまいました,夜日本語を勉強したかったのに先にオンラインでドラムマシーンを探し始めてしまいました
253,でも同時に宮崎監督の火垂るの墓のお母さんの定めを思い出して逆に悲しくなった,でも同時に宮崎監督の火垂るの墓のお母さんの定めを思い出して逆に悲しくなりました
254,やっぱり弟は怒りましたが家に帰った後カメラを直すことができました,やっぱり弟は怒りましたが家に帰った後カメラを直すことができました
255,実は今コンピューターゲームをしたいのですがまずエントリーを書くほうがいいです,実は今コンピューターゲームをしたいのですがまずエントリーを書くほうがいいです
256,ほかの人はそのソフトウェアを使ってもいいけれども使用料がその会長に集まることになっている,ほかの人はそのソフトウェアを使ってもいいけれども使用料がその会長に集まることになっています
257,最初このアニメは夢を追うことだと思うけれどもストーリーが続くにつれてあたしの考えも変わった,最初このアニメは夢を追うことだと思いますがストーリーが続くにつれてわたしの考えも変わりました
258,日本のロリータファッションとかヴィジュアル系とか外国人の私としてはちょっと理解しがたい文化は中国にもあります,日本のロリータファッションとかヴィジュアル系とか外国人の私としては少し理解しがたい文化は中国にもあります
259,翻訳は難しいというのがわかっていますけど私自身も翻訳日ー中の授業があるので宿題とかもやっています,翻訳は難しいというのがわかっていますけど私自身も翻訳日ー中の授業があるので宿題とかもやっています
260,現場は片側0車線の直線道路でタクシーは左側の縁石に接触して横転したという警視庁が詳しい原因を調べている,現場は片側0車線の直線道路でタクシーは左側の縁石に接触して横転したという形になります警視庁が詳しい原因を調べています
261,それ以上我慢できないおばさんはとうとう離婚の道を選んだ,それ以上我慢できないおばさんはとうとう離婚の道を選びました
262,同窓の誼は深いもので忘れるべからず手足のように情け深く睦まじく協力し合えゆめゆめ忘れることなかれと,同窓の誼は深いもので忘れるべからず手足のように情け深く睦まじく協力し合えゆめゆめ忘れることなかれと
263,それに足の内部に痺れがあるので水俣病を持っている人は歩けなかった,その上足の内部に痺れがあるので水俣病を持っている人は歩けませんでした
264,前にテレビで勉強しましただから聞くのはいいですけど書くのは全然いけません,前にテレビで勉強しましただから聞くのはいいですけど書くのは全然いけません
265,ネットで交流するとき火星文字を使うとか自分で自分を撮影することが好きとかメッセンジャーの空間を色鮮やかに飾ったりなどいろいろな特徴を持っています,ネットで交流するとき火星文字を使うとか自分で自分を撮影することが好きとかメッセンジャーの空間を色鮮やかに飾ったりなどいろいろな特徴を持っています
266,中国政府の前半の抗議は日本側との芝居にすぎないと私の先生が分析しました,中国政府の前半の抗議は日本側との芝居にすぎないと私の先生が分析されました
267,だから私だけはどんなに疲れても絶対思う存分やらせておきたい,ですので私だけはどんなに疲れても絶対思う存分やらせておきたいです
268,昨日村上春樹さんのやがて哀しき外国語という本を拝読してみました,昨日村上春樹さんのやがて哀しき外国語という本を拝読してみました
269,ピアノの発表会などで少女が着るような服をもっとフリフリにしたこのファッションはある人にとってはとても信じられないファッションかもしれませんけどロリータのファンも少なくないです,ピアノの発表会などで少女が着るような服をもっとフリフリにしたこのファッションはある人にとってはとても信じられないファッションかもしれませんけどロリータのファンも少なくないです
270,こんなことをやってみました字幕の上に紙を張って真剣に聞くだけです,こんなことをやってみました字幕の上に紙を張って真剣に聞くだけです
271,もし...ここに私と一緒に住んでも構わない日本人がいたら男女,もし...ここに私と一緒に住んでも構わない日本人がいたら男女
272,三つの有名な公園があって夢公園や水公園や映画公園と呼ばれています,三つの有名な公園があって夢公園や水公園や映画公園と呼ばれています
273,クレジットカードで支払いを済ませると味わったことのない幸福感で満たされた,クレジットカードで支払いを済ませると味わったことのない幸福感で満たされました
274,その時に人がedisonはむだなことをしていると思いました,その時に人がedisonはむだなことをしていると思いました
275,私のうちは四人家族です僕と母と兄と婆ちゃんですちょっと狭いアパートに住んでいます,私のうちは四人家族です僕と母と兄と祖母です少し狭いアパートに住んでいます
276,ちょうどその時期班長さんは病気で学習委員の私がやらなければなりませんでした,ちょうどその時期班長さんは病気で学習委員の私がやらなければなりませんでした
277,両方とも同じく大切なのが誰でもわかっているのにひとつしか選べなかったらどうする,両方とも同じく大切なのが誰でもわかっていますのにひとつしか選べなかったらどうしますか
278,メルボルン空港からクーランガッタ空港まで飛行機で行って車に乗ると東方に約一時間かかります,メルボルン空港からクーランガッタ空港まで飛行機で行って車に乗ると東方に約一時間かかります
279,親友も彼氏に浮気されたばかりで心に余裕がないという以来関係はギクシャクし親友とは疎遠になってしまった,親友も彼氏に浮気されたばかりで心に余裕がないという形になります以来関係はギクシャクし親友とは疎遠になってしまいました
280,タクシーが横転する事故があった,タクシーが横転する事故がありました
281,中日国交回復して以来両国は各分野に渡って特に文化においての交流が盛んに行われています,中日国交回復して以来両国は各分野に渡って特に文化においての交流が盛んに行われています
282,このせいで日本語の授業が行けなくなっちゃって塾に電話しました,このせいで日本語の授業が行けなくなってしまい塾に電話しました
283,突然湖から美しい女性が現れた女性は微笑んでようこそ冒険者たちよ私はこの湖の守護者であるその宝石はこの森の秘密を守る力を持っているのだと言った,突然湖から美しい女性が現れました女性は微笑んでようこそ冒険者たちよ私はこの湖の守護者でございますその宝石はこの森の秘密を守る力を有しておりますと言いました
284,laにいってkoreatownで沢山の韓国料理を食べました,laにいってkoreatownで沢山の韓国料理を食べました
285,このままだったら私は何の為に生きているのかが分からないまま生きるかも知れない,このままだったら私は何の為に生きているのかが分からないまま生きるかも知れません
286,僕はたちばなで食べていた時ホステスとシェフの会話が分かってうれしかった,僕はたちばなでいただいていた時ホステスとシェフの会話が分かってうれしかったです
287,日本語字幕・サブタイトルjapanese subtitles!,日本語字幕・サブタイトルjapanese subtitles!
288,彼女の声が上がったり下がったり僕がなれている話し方とぜんぜん違うものだった,彼女の声が上がったり下がったり僕がなれている話し方とぜんぜん違うものでした
289,だから私はmanga moodsと呼ばれる別の本を借りました,だから私はmanga moodsと呼ばれる別の本を借りました
290,本当に外れた部分はないのですけどやはり中国語らしくないとしたら読みづらくなるし理解することも難しくなるなあと思いました,本当に外れた部分はないのですけどやはり中国語らしくないとしたら読みづらくなるし理解することも難しくなるなあと思いました
291,ストーリーはまだわからないですけどドラマをリスタートしました,ストーリーはまだわからないですけどドラマをリスタートしました
292,その結婚式は二日間続いていて花婿と花嫁はとても疲れていましたが幸福でした,その結婚式は二日間続いていて花婿と花嫁はとても疲れていましたが幸福でした
293,私はうちの学科のかわいい後輩のヒョンソンアさんについて紹介します,私はうちの学科のかわいい後輩のヒョンソンアさんについて紹介します
294,昔を思い出すと子供は本当にいいなという感覚が脳に浮かんできます,昔を思い出すと子供は本当にいいなという感覚が脳に浮かんできます
295,それなのにクリスマスの日に学校は歌コンクールを行うことになりました,それなのにクリスマスの日に学校は歌コンクールを行うことになりました
296,メルボルンから飛行機で約二時半間の名所にあるゴールドコーストは有名で色なテーマパークで遊べる所です,メルボルンから飛行機で約二時半間の名所にあるゴールドコーストは有名で色なテーマパークで遊べる所です
297,故意かどうか私たちのようなニュースをみただけの民間人には断言できないと思います,故意かどうか私たちのようなニュースをみただけの民間人には断言できないと思います
298,名前の発音はかたかなでよく書けます弟は写真をたくさん撮りたいと言いましたが洞の半分ぐらいの写真を撮った後でカメラが壊れてしまいました,名前の発音はかたかなでよく書けます弟は写真をたくさん撮りたいと言いましたが洞の半分ぐらいの写真を撮った後でカメラが壊れてしまいました
299,ゆうたは興奮してあれはどこにつながっているんだろうと言った,裕太は興奮してあれはどこにつながっているのでしょうかと言いました
300,できるだけ早く請求にいらっしゃってくださいと表示されていました,できるだけ早く請求にいらっしゃってくださいと表示されていました
301,その先には美しい湖が広がっており湖の中央には輝く宝石が浮かんでいた,その先には美しい湖が広がっており湖の中央には輝く宝石が浮かんでいましたchat
302,日本語字幕・サブタイトルjapanese subtitles!,日本語字幕・サブタイトルjapanese subtitles!
303,まずは自分の国の伝統文化を大切にしてみたらいいのではないでしょうか,まずはご自分の国の伝統文化を大切になさってみたらよろしいのではないでしょうか
304,日本ではほかの話したり討論したりすることができる人気ウェブがありますか,日本ではほかの話したり討論したりすることができる人気ウェブがありますか
305,中国の土地は広いからたくさんの人が実家から遠い場所で働いて家族と離れています,中国の土地は広いからたくさんの人が実家から遠い場所で働いて家族と離れています
306,日本語を勉強しながら中国語の漢字が無意識に身に付くだろうと思った,日本語を勉強しながら中国語の漢字が無意識に身に付くだろうと思いました
307,これは言葉を勉強している人にとって一番幸いなことに違いないと思います,これは言葉を勉強している人にとって一番幸いなことに違いないと思います
308,私は歩いていますよ赤ちゃんは話せませんでしたが私にそう言っているようでした,私は歩いていますよ赤ちゃんは話せませんでしたが私にそのように言っているようでした
309,さらに漁船と日本の海上保安庁の船の写真を見て海上保安庁の船は漁船よりずっと大きいと思います,さらに漁船と日本の海上保安庁の船の写真を見て海上保安庁の船は漁船よりずっと大きいと思います
310,今の時代はとても寛容な時代なのでいろいろな文化が共存することができます,今の時代はとても寛容な時代なのでいろいろな文化が共存することができます
311,まあ一応日本語の文章を読めるだけでうれしいことなんですけどね,まあ一応日本語の文章を読めるだけでうれしいことなんですけどね
312,私のうちは四人家族です僕と母と兄と婆ちゃんですちょっと狭いアパートに住んでいます,私のうちは四人家族です僕と母と兄と祖母です少し狭いアパートに住んでいます
313,今両国ともはやっている萌え文化とかツッコミ文化には私もすごく興味があります,今両国ともはやっている萌え文化やツッコミ文化には私もとても興味があります
314,ロシアで結婚届けを出した後名所を見物することになっています,ロシアで結婚届けを出した後名所を見物することになっています
315,私たちはますます自国の伝統文化を失っているのではないかと友達が私にそういいました,私たちはますます自国の伝統文化を失っているのではないかと友達が私にそういいました
316,前にテレビで勉強しましただから聞くのはいいですけど書くのは全然いけません,前にテレビで勉強しましただから聞くのはいいですけど書くのは全然いけません
317,漫画とアニメはヤンキーが人気になれてたくさんの日本人はヤンキーになりたいと思う,漫画とアニメはヤンキーが人気になれてたくさんの日本人はヤンキーになりたいと思います
318,森の中に入るとたくさんの木や草花が風に揺れていた,森の中に入ると多くの木や草花が風に揺れていました
319,この賞のおかげでアン・ツーホー・ゴク・ハースアン・ランと同様学生の花モデルというユースファッションモデルクラブに参加した,この賞のおかげでアン・ツーホー・ゴク・ハースアン・ランと同様学生の花モデルというユースファッションモデルクラブに参加しました
320,i work as an assistant teacherは日本語でなんと言うのでしょうか,i work as an assistant teacherは日本語でなんと言うのでしょうか
321,アメリカにとって有利にことが運んだとしてもそれは結果論でありアメリカが何か目的を持って動いたわけでもなくアメリカにとっては漁夫の利であり中国にとっては墓穴を掘ったということなのではないでしょうか,アメリカにとって有利にことが運んだとしてもそれは結果論でありアメリカが何か目的を持って動いたわけでもなくアメリカにとっては漁夫の利であり中国にとっては墓穴を掘ったということなのではないでしょうか
322,国際問題になることが彼自身でも予想できると思いますから漁船は何気なくわざわざ日本の船にぶつかる必要が本当にありますか,国際問題になることが彼自身でも予想できると思いますので漁船は何気なくわざわざ日本の船にぶつかる必要が本当にありますか
323,東京部の最低賃金は0時間で0円だがアメリカは0時間で0ドルだ,東京部の最低賃金は0時間で0円ですがアメリカは0時間で0ドルです
324,racecarは右から左に呼んでも同じracecarなんです,racecarは右から左に呼んでも同じracecarなのです
325,もっとも著しい例は日本語の順番が動詞を一番最後のところに置くことです,もっとも著しい例は日本語の順番が動詞を一番最後のところに置くことです
326,かわりにむしろは大丈夫ですか家でいろんなものを作っています,かわりにむしろは大丈夫ですか家でいろいろなものを作っています
327,pmに助けを求めてサーバー管理とアカウント管理について日本側の担当者と連携して一緒に開発環境を守りました,pmに助けを求めてサーバー管理とアカウント管理について日本側の担当者と連携して一緒に開発環境を守りました
328,日本の一般人と日本語で喋れると思うけど大学の授業の場合は聞き取れないに違いないです,日本の一般人と日本語で喋れると思いますが大学の授業の場合は聞き取れないに違いないです
329,日本ではほかの話したり討論したりすることができる人気ウェブがありますか,日本ではほかの話したり討論したりすることができる人気ウェブがありますか
330,北海道の雄武町では0日の夜0時ごろに北北東の空がうっすらと赤黒く光ってたんだ肉眼でも見えるくらいだよ,北海道雄武町では0日午後0時ごろ北北東の空がうっすらと赤黒く光っているのが肉眼でも確認できました
331,春節は一番大切なお祝い日だから皆はせめて春節の時に実家に帰って家族と一緒に過ごしたいです,春節は一番大切なお祝い日だから皆はせめて春節の時に実家に帰って家族と一緒に過ごしたいです
332,そしてチッソ株式会社は無気力で不注意でとんでもなかった,そしてチッソ株式会社は無気力で不注意でとんでもありませんでした
333,むかし日本語を読めなかったときあ村上春樹さんの本はこういう感じかなやらなんか考え方が深すぎて意味がちょっとわからないやらとにかく感心させてくれませんでした,むかし日本語を読めなかったときあ村上春樹さんの本はこういう感じかなとかなんか考え方が深すぎて意味がちょっとわからないとかとにかく感心させてくれませんでした
334,できるだけ早く請求にいらっしゃってくださいと表示されていました,できるだけ早く請求にいらっしゃってくださいと表示されていました
335,昨日村上春樹さんのやがて哀しき外国語という本を拝読してみました,昨日村上春樹さんのやがて哀しき外国語という本を拝読してみました
336,中日国交回復して以来両国は各分野に渡って特に文化においての交流が盛んに行われています,中日国交回復して以来両国は各分野に渡って特に文化においての交流が盛んに行われています
337,そうするともともと自分が理解できないことも何となく分かると思います,そうするともともと自分が理解できないことも何となく分かると思います
338,"""プリンは不明なものを食べたと言われましたのでできれば二三日入院したほうがいいと思います""と獣医さんがそう言いました","""プリンは不明なものを食べたと言われましたのでできれば二三日入院したほうがいいと思います""と獣医さんがそうおっしゃいました"
339,その時のことがなければ今の私はキャノン杯に参加する勇気まで失ってしまうでしょう,その時のことがなければ今の私はキャノン杯に参加する勇気まで失ってしまうでしょう
340,こんな話は年上から見ると特に意味がない普通の話にすぎないかもしれませんけど若者にとってはユーモラスなツッコミになりました,このような話は年上から見ると特に意味がない普通の話にすぎないかもしれませんけど若者にとってはユーモラスなツッコミになりました
341,日本は世界中で一番安全な国だけど円高と物価の問題は本当に大変ですね,日本は世界中で一番安全な国ですが円高と物価の問題は本当に大変ですね
342,人は色だけどその違いは国の中のことじゃなくて人と人の違い,人は色ですがその違いは国の中のことではなくて人と人の違い
343,初日はロシアの伝統に従って花婿は親友と一緒に花嫁を身受けしなければなりました,初日はロシアの伝統に従って花婿は親友と一緒に花嫁を身受けしなければなりました
344,ロシアで結婚式にお客さんをたくさん招待することになっています,ロシアで結婚式にお客様をたくさんご招待することになっております
345,しかも私は今週の月曜日の朝楽器やへティンホイッスル(tin whistle)を買いに行った,しかも私は今週の月曜日の朝楽器やへティンホイッスル(tin whistle)を買いに行きました
346,映画の中で小南さんがよく歌っている歌ですが本当に小米さんの気持ちを歌い上げていました,映画の中で小南さんがよく歌っている歌ですが本当に小米さんの気持ちを歌い上げていました
347,私たちはこの学期の毎土曜日の午後に体育館のバドミントンの場所を予約しているので今日からそこに行けます,私たちはこの学期の毎土曜日の午後に体育館のバドミントンの場所を予約しているので今日からそこに行けます
348,洞窟の中は暗くて不思議な空間だった壁にはきらめく鉱石がありどこか幻想的な雰囲気が漂っていた,洞窟の中は暗くて不思議な空間でした壁にはきらめく鉱石がありどこか幻想的な雰囲気が漂っていました
349,中国の漁船が日本の海上保安庁の船に故意に激突これについては証拠のビデオがあるそうです,中国の漁船が日本の海上保安庁の船に故意に激突これについては証拠のビデオがあるそうです
350,お二人が愛し合い釣り合う様子を見て仲人として二つの婚縁を取り持った,お二人が愛し合い釣り合う様子を見て仲人として二つの婚縁を取り持ちました
351,この頃の私はすぐ社会人になるにもかかわらず学生気質がまだ抜けきりませんね,この頃の私はすぐ社会人になるにもかかわらず学生気質がまだ抜けきりませんね
352,でもそのイベントの前からチッソ株式会社は継続的に汚染していた,でもそのイベントの前からチッソ株式会社は継続的に汚染していました
353,現在両国の若者文化にはいろいろな共通点もありましたが自分の特色も持っています,現在両国の若者文化にはいろいろな共通点もありましたが自分の特色も持っています
354,日本語を勉強しながら中国語の漢字が無意識に身に付くだろうと思った,日本語を勉強しながら中国語の漢字が無意識に身に付くだろうと思いました
355,虎の王キングは八百匹の虎を率いて開封の城の下へやってきた,虎の王キングは八百匹の虎を率いて開封の城の下へやってきました
356,レイの零号機に乗ってどうすんのしか出てこなくて質問の内容を一切考えられなかった,レイの零号機に乗ってどうすんのしか出てこなくて質問の内容を一切考えられませんでした
357,これは言葉を勉強している人にとって一番幸いなことに違いないと思います,これは言葉を勉強している人にとって一番幸いなことに違いないと思います
358,あの時私が苛められていたら彼女はいつも私を助けてくれました,あの時私が苛められていたら彼女はいつも私を助けてくれました
359,ということは今は日本語の本を楽しめるようになって手元の中訳バージョンはいらなくてもいいほどですが少し気にすることがあります,ということは今は日本語の本を楽しめるようになって手元の中訳バージョンはいらなくてもいいほどですが少し気にすることがあります
360,今は牡丹の花が咲く時期ではないので花の代わりに枝を差し上げた次第ですと施耐庵がこう答えた,今は牡丹の花が咲く時期ではないので花の代わりに枝を差し上げた次第ですと施耐庵がこう答えました
361,でも友達はもしその理由で別れたら彼がかわいそうだと答えました,しかし友達はもしその理由で別れたら彼がかわいそうだと答えました
362,もし年齢に関係なくみんなが使えるカバンが作れたら金持ちになるかもしれない,もし年齢に関係なくみんなが使えるカバンが作れたら金持ちになるかもしれません
363,解説は軽い命令ですと書いてありますけどはっきりしてませんね,解説は軽い命令ですと書いてありますけどはっきりしていませんね
364,政治の中心とは利益至上というモノですからそんなに気に入らなくてもいい愛国心はいいですけど他人に簡単に煽られたらそれは良くないと思います,政治の中心とは利益至上というモノですからそんなに気に入らなくてもいい愛国心はいいですけど他人に簡単に煽られたらそれは良くないと思います
365,たいていヤンキーは社会人にならないが時高校卒業後にヤンキーをやめる,たいていヤンキーは社会人にならないが時高校卒業後にヤンキーをやめます
366,その先生もどうかしているプレゼントもそんな際立つもの一味違うものをほしがる,その先生もどうかしておられるプレゼントもそんな際立つもの一味違うものをご所望です
367,もっとも著しい例は日本語の順番が動詞を一番最後のところに置くことです,もっとも著しい例は日本語の順番が動詞を一番最後のところに置くことです
368,その先生もどうかしているプレゼントもそんな際立つもの一味違うものをほしがる,その先生もどうかしていらっしゃるプレゼントもそのような際立つもの一味違うものをほしがられます
369,悲しい映画だけど映画の画面が綺麗でそれに私はその主人公(小米さん---劉若英さんが演じた役です)の気持ちがよく分かると思ったからこの映画が好きです,悲しい映画ですが映画の画面が綺麗でそれに私はその主人公(小米さん---劉若英さんが演じた役です)の気持ちがよく分かると思いましたのでこの映画が好きです
370,最近日本の小説あるいはエッセイなどをすらすらとつまらずに一気に読むことができたような気がしました,最近日本の小説あるいはエッセイなどをすらすらとつまらずに一気に読むことができたような気がしました
371,そして前の海外旅行は...演奏と親族訪問などだけです...単純に旅行したことは一回もありません,そして前の海外旅行は...演奏と親族訪問などだけです...単純に旅行したことは一回もありません
372,日本の女性はほとんどの人がメークするらしいと聞きましたがその程度の話まで想像出来ないです,日本の女性はほとんどの人がメークするらしいと聞きましたがその程度の話まで想像出来ないです
373,国際問題になることが彼自身でも予想できると思いますから漁船は何気なくわざわざ日本の船にぶつかる必要が本当にありますか,国際問題になることが彼自身でも予想できると思いますから漁船は何気なくわざわざ日本の船にぶつかる必要が本当にありますか
374,わたしは苺が好き,わたくしは苺が好きです
375,人の頼みを断るのは嫌いですけどでも今回はきっぱりと断りました,人の頼みを断るのは嫌いですけどでも今回はきっぱりと断りました
376,むかし日本語を読めなかったときあ村上春樹さんの本はこういう感じかなやらなんか考え方が深すぎて意味がちょっとわからないやらとにかく感心させてくれませんでした,むかし日本語を読めなかったときあ村上春樹さんの本はこういう感じかなやらなんか考え方が深すぎて意味が少しわからないやらとにかく感心させてくれませんでした
377,シュワルツェネッガーとスタローンとどっちのほうが頭がいいですか,シュワルツェネッガーとスタローンとどちらのほうが頭がいいですか
378,私が送信したのはカキコミではない寂しさなんだ寂しさなんだというのは去年中国のインターネット上でもっとも流行している言葉でした,私が送信したのはカキコミではない寂しさなんだ寂しさなんだというのは去年中国のインターネット上でもっとも流行している言葉でした
379,牡丹は葉が落ちて黒く細い枝が枯れているように見えるがどういう意味があるだろう,牡丹は葉が落ちて黒く細い枝が枯れているように見えるがどういう意味があるのでしょう
380,彼らはこの不思議な出会いを一生忘れることはなかった,彼らはこの不思議な出会いを一生忘れることはありませんでした
381,初期の映画から今のドラマアニメテレビゲーム及び一部の電子製品に至るまで日本文化の影響が至る所に見られています,初期の映画から今のドラマアニメテレビゲーム及び一部の電子製品に至るまで日本文化の影響が至る所に見られています
382,泳ぐのは楽しいけど日焼けには気をつけようね,泳ぐのはは楽しいが日焼けにはご注意ください
383,中国古代神話故事翻訳挑戦第0弾八百匹虎東京を騒がす(0),中国古代神話故事翻訳挑戦第0弾八百匹虎東京を騒がす(0)
384,わたしたちは一番と思う,わたくしどもは一番と思います
385,どんな所でどんな物を皆は使っているかあるいは前にだれも使ったことがなかった物がないかと聞いた,どんな所でどんな物を皆は使っているかあるいは前にだれも使ったことがなかった物がないかと聞きました
386,日本語は違うと思いますが確かじゃないので例をもらえたら助かります,日本語は違うと思いますが確かではないので例をいただけたら助かります
387,今日は辞書が届きます確かにすごい辞書ですけど字がちょっと細かすぎます,今日は辞書が届きます確かにすごい辞書ですが字が少し細かすぎます
388,この時期に交通状況がひどく厳しくて飛行機と汽車と長距離バスの切符を買うのは非常に難しいです,この時期に交通状況がひどく厳しくて飛行機と汽車と長距離バスの切符を買うのは非常に難しいです
389,故意かどうか私たちのようなニュースをみただけの民間人には断言できないと思います,故意かどうか私たちのようなニュースをみただけの民間人には断言できないと思います
390,nictによるとすげーことにこんなに大きなフレアが出るのは0年以上ぶりだって,nictによると短期間にこれほどのフレアが発生するのは0年以上ぶりという
391,それにオーロラもめっちゃキレイに発達して普段は見れない低緯度でも見られたらしい,オーロラも発達し普段は見られない低緯度でも見られたということです
392,日本語能力試験の日がだんだん近づくにつれて私は不安になっています,日本語能力試験の日がだんだん近づくにつれて私は不安になっています
393,伝統文化をちゃんと味わってそして新鮮なものをくわえて新たなすばらしい若者文化を作りましょう,伝統文化をきちんと味わってそして新鮮なものをくわえて新たなすばらしい若者文化を作りましょう
394,小川のそばを歩いていると急に小さな川のせせらぎが聞こえてきた,小川のほとりを歩いていると急に小さな川のせせらぎが聞こえてきました
395,心の中では敬服はしていたがでも畢竟よい兆しではないだが人は其で好き好きなので無理やりすることが出来まいと思っていた,心の中では敬服はしていましたがでも畢竟よい兆しではありませんですが人は其で好き好きなので無理やりすることが出来まいと思っていました
396,ロシアで結婚式にお客さんをたくさん招待することになっています,ロシアで結婚式にお客さんをたくさん招待することになっています
397,開封府の長官は虎が群がって殺到してきてることを聞いておずおずし四つの門をしっかりと閉めて兵士が城の上でしっかりと守るように命令を出した,開封府の長官は虎が群がって殺到してきてることを聞いておずおずされ四つの門をしっかりと閉めて兵士が城の上でしっかりと守るように命令を出された
398,僕はえいごのクラスとバイオロジーのクラスとジオグラフィのクラスと日本語のクラスを取っています,僕はえいごのクラスとバイオロジーのクラスとジオグラフィのクラスと日本語のクラスを取っています
399,マジで時間が足りないよ冗談はやめてくれない進学はどうするのクラス委員さんがやればいいのにと皆は文句を言いました,マジで時間が足りないよ冗談はやめてくれない進学はどうするのクラス委員さんがやればいいのにと皆は文句を言いました
400,それで二人の弟子に向けて今や政府不振政治腐敗天下の混乱は遠からず来る,それで二人の弟子に向けて今や政府不振政治腐敗天下の混乱は遠からず来る
401,ある日のことだった夏休み中のたろうは友達のゆうたと一緒に古びた図書館にやってきた,ある日のことてした夏休み中の太郎は友達の裕太と一緒に古びた図書館にやってきました
402,故郷では内モンゴルの片田舎で農民の素朴な品性を持っていて金とか名利とかにあっさりしています,故郷では内モンゴルの片田舎で農民の素朴な品性を持っていて金とか名利とかにあっさりしています
403,今日は午前0時に大学へ行こうとしたが家の近くの道路が工事中のため通行止めでした,今日は午前0時に大学へ行こうとしましたが家の近くの道路が工事中のため通行止めでした
404,このせいで日本語の授業が行けなくなっちゃって塾に電話しました,このために日本語の授業が行けなくなってしまい塾に電話しました
405,シュワルツェネッガーとスタローンとどっちのほうが頭がいいですか,シュワルツェネッガーとスタローンとどちらのほうが頭がいいですか
406,その結婚式は二日間続いていて花婿と花嫁はとても疲れていましたが幸福でした,その結婚式は二日間続いていて花婿と花嫁はとても疲れていらっしゃいましたが幸福でした
407,しかも私は今週の月曜日の朝楽器やへティンホイッスル(tin whistle)を買いに行った,しかも私は今週の月曜日の朝楽器やへティンホイッスル(tin whistle)を買いに行きました
408,たろうとゆうたは驚いて目を閉じた数秒後二人は目を開けるとそこはまるで異世界のような場所だった,太郎と裕太は驚き目を閉じました数秒後二人は目を開けるとそこはまるで異世界のような場所でした
409,lang-0においてバグ・レポートを提出させていただきたいと思います,lang-0においてバグ・レポートを提出させていただきたいと思います
410,もしまたこんなことが発生したら日本で裁判所に上訴する方法は不可能だということになります,もしまたこんなことが発生したら日本で裁判所に上訴する方法は不可能だということになります
411,ピアノの発表会などで少女が着るような服をもっとフリフリにしたこのファッションはある人にとってはとても信じられないファッションかもしれませんけどロリータのファンも少なくないです,ピアノの発表会などで少女が着るような服をもっとフリフリにしたこのファッションはある人にとってはとても信じられないファッションかもしれませんけどロリータのファンも少なくないです
412,水俣病は神経学的症候群なので病気の症状は運動失調や失明や難聴だ,水俣病は神経学的症候群なので病気の症状は運動失調や失明や難聴です
413,そして日本のメディアは船長の裏には中国政府の仕業かもしれないとも書いています,そして日本のメディアは船長の裏には中国政府の仕業かもしれないとも書いています
414,友達とビーチに行って泳いで砂浜で遊んでみんなとバーベキューしよう,友人とビーチに行って泳いで砂浜で遊んで一緒にバーベキューをしましょう
415,長い間行き届いた掃除をしなかったのでいま私は腰がまっすぐ伸ばせないほどだるいです,長い間行き届いた掃除をしなかったのでいま私は腰がまっすぐ伸ばせないほどだるいです
416,しかし日本側は選挙が終わっても船長を釈放する様子が全然ありませんからやっと本気で抗議し始めます,しかし日本側は選挙が終わっても船長を釈放する様子が全然ありませんからやっと本気で抗議し始めます
417,それで祝えなくてプレゼントを司会者をつうじて渡した人もいました,それで祝えなくてプレゼントを司会者をつうじて渡した人もいました
418,あの時私が苛められていたら彼女はいつも私を助けてくれました,あの時私が苛められていたら彼女はいつも私を助けてくださいました
419,中国政府の前半の抗議は日本側との芝居にすぎないと私の先生が分析しました,中国政府の前半の抗議は日本側との芝居にすぎませんと私の先生が分析されました
420,原因は友達が不定時に猫に餌をやるからでプリンはお腹がすきすぎて,原因は友達が不定時に猫に餌をやるからでプリンはお腹がすきすぎて
421,水俣病は神経学的症候群なので病気の症状は運動失調や失明や難聴だ,水俣病は神経学的症候群ですので病気の症状は運動失調や失明や難聴です
422,たいていヤンキーは社会人にならないが時高校卒業後にヤンキーをやめる,たいていヤンキーは社会人になりませんが時高校卒業後にヤンキーをやめます
423,ちょっと話題からそれてしまいましたがとりあえずやがて哀しき外国語という中訳バージョンはかつて何回も見ましたが筋が捉えられなかったということです,少し話題からそれてしまいましたがとりあえずやがて哀しき外国語という中訳バージョンはかつて何回も見ましたが筋が捉えられなかったということです
424,今は牡丹の花が咲く時期ではないので花の代わりに枝を差し上げた次第ですと施耐庵がこう答えた,今は牡丹の花が咲く時期ではないので花の代わりに枝を差し上げた次第ですと施耐庵がこう答えました
425,一冊を読み切ったわけではないのでただ一部を読んでみただけで今回のエントリーはこの本についての感想文ではありません,一冊を読み切ったわけではないのでただ一部を読んでみただけで今回のエントリーはこの本についての感想文ではありません
426,彼女が日本語を学ぶ切っ掛けは高校0年生の時の授業のためでした,彼女が日本語を学ぶ切っ掛けは高校0年生の時の授業のためでした
427,解説は軽い命令ですと書いてありますけどはっきりしてませんね,解説は軽い命令ですと書いてありますけどはっきりしてませんね
428,僕の出身ではほとんどの和食のレストランのマネジャーは韓国人か中国人だと思う,僕の出身ではほとんどの和食のレストランのマネジャーは韓国人か中国人だと思います
429,長官はそれを見て手足に力も入らないように痺れて立つことさえ出来なかった,長官はそれをご覧になって手足に力も入らないように痺れてお立ちになることさえ出来ませんでした
430,0年代に生まれた若者の中で流行している非主流という概念はまだ絶対的な解釈はありません,0年代に生まれた若者の中で流行している非主流という概念はまだ絶対的な解釈はありません
431,最初このアニメは夢を追うことだと思うけれどもストーリーが続くにつれてあたしの考えも変わった,最初このアニメは夢を追うことだと思うけれどもストーリーが続くにつれてわたしの考えも変わりました
432,モスクワで普通新婚夫婦は赤の広場に行って永遠の火に花を捧げています,モスクワで普通新婚夫婦は赤の広場にいらっしゃって永遠の火に花を捧げていらっしゃいます
433,うちの村の人だから普通の漁民だなんで工作員として疑われるの,うちの村の人ですから普通の漁民ですなぜ工作員として疑われるのでしょうか
434,そして彼女には美しい妹さんがいるそうですが今年大学へ進学したそうです,そして彼女には美しい妹さんがいるそうですが今年大学へ進学したそうです
435,そのとき受付の人からちなみに大島先生はしばらく日本に戻りましたので今日から二月まで授業が代講になりましたって言われました,そのとき受付の人からちなみに大島先生はしばらく日本に戻りましたので今日から二月まで授業が代講になりましたと言われました
436,霍さんはインターンシップに行きましたので0人が残っています,霍さんはインターンシップに行きましたので0人が残っています
437,もし...ここに私と一緒に住んでも構わない日本人がいたら男女,もし...ここに私と一緒にお住まいになっても構わない日本人がいらっしゃったら男女
438,"お菓子はおいしいです.だから私はお菓子が大好きです!毎日,私はお菓子を食べます!","お菓子はおいしいです.だから私はお菓子が大好きです!毎日,私はお菓子を食べます!"
439,でも日本語の原作を見るうちにわからない言葉はあったんですけど中訳より理解できる気がしました,でも日本語の原作を見るうちにわからない言葉はあったんですけど中訳より理解できる気がしました
440,やっぱり弟は怒りましたが家に帰った後カメラを直すことができました,やはり弟は怒りましたが家に帰った後カメラを直すことができました
441,だっていつも字幕を観てたしちょっとだけ聞き取った言葉に自信がなくても漢字から意味を探したりしてたもんで次回から字幕を隠そうと思ってる,だっていつも字幕を観てたし少しだけ聞き取った言葉に自信がなくても漢字から意味を探したりしてたもんで次回から字幕を隠そうと思っています
442,私の仕事は技術サポータなので今週も休暇をとることができません,私の仕事は技術サポータなので今週も休暇をとることができません
443,実は私はずっとそのビデオの完全の内容を皆に公開した方がいいと思います,実は私はずっとそのビデオの完全の内容を皆に公開した方がいいと思います
444,外国語を勉強している人は一度自分の国の立場を出て相手の立場に立って考えたらどうですか,外国語を勉強していらっしゃる方は一度ご自分の国の立場を出て相手の立場に立ってお考えになったらどうですか
445,原作は東野圭吾の同名の小説です私はすごく感動して最後までいっぱい泣いちゃいました,原作は東野圭吾の同名の小説です私はすごく感動して最後までたくさん泣いてしまいました
446,同社によると列車を駒込駅に一時停車させ乗務員らが申告のあった0号車内を確認したがヘビのようなものは確認できなかった,同社によると列車を駒込駅に一時停車させ乗務員らが申告のあった0号車内を確認したがヘビのようなものは確認できませんでしだ
447,ちょっと話題からそれてしまいましたがとりあえずやがて哀しき外国語という中訳バージョンはかつて何回も見ましたが筋が捉えられなかったということです,ちょっと話題からそれてしまいましたがとりあえずやがて哀しき外国語という中訳バージョンはかつて何回も見ましたが筋が捉えられなかったということです
448,ある友達からspirited awayという映画をもらってるんで次はそれにしようかな,ある友達からspirited awayという映画をもらってるんで次はそれにしようかな
449,この前私たち中国の若者は欧米人と話しているときよく英語の名前を使うのに対して日本の若者たちはよくローマ字で自分の名前をそのまま使います,この前私たち中国の若者は欧米人と話しているときよく英語の名前を使うのに対して日本の若者たちはよくローマ字で自分の名前をそのまま使います
450,たろうとゆうたは驚きこれは一体何なんだろうと言った,太郎と裕太は驚きこれは一体何なのでしょうかと言いました
451,アイルランドの音楽が好きでこの楽器の音が大好きなので習いたいのだ,アイルランドの音楽が好きでこの楽器の音が大好きなので習いたいのです
452,伝統文化をちゃんと味わってそして新鮮なものをくわえて新たなすばらしい若者文化を作りましょう,伝統文化をちゃんと味わってそして新鮮なものをくわえて新たなすばらしい若者文化を作りましょう
453,毎日新聞に漁船は先兵として日本に探察しに来るかもしれないと書いてあります,毎日新聞に漁船は先兵として日本に探察しに来るかもしれないと書いてあります
454,皆さんはthomas alfa edisonトーマスアルファエジソンをしっていますか,皆様はthomas alfa edisonトーマスアルファエジソンをご存じですか
455,二人は図書館に戻り手にしたその古びた本を閉じた,二人は図書館に戻り手にしたその古びた本を閉じました
456,皆もいやですからクラス委員として責任を取らなければなりませんでした,皆もいやですからクラス委員として責任を取らなければなりませんでした
457,二人は川を辿って行くと不思議な洞窟を見つけた洞窟の入り口からは涼しい風が吹き中からは微かな光が漏れていたたろうは興味津で中に入ってみようと言った,二人は川を辿っていくと不思議な洞窟を見つけました洞窟の入り口からは涼しい風が吹き中からは微かな光が漏れていました太郎は興味津で中に入ってみましょうと言いました
458,今日わたしはえいがかんでインビクタスという映画を見に行きました,今日わたしはえいがかんでインビクタスという映画を見に行きました
459,いつものように親友に相談するといまの私にそんなことを相談をするなんて信じられないとなじられた,いつものように親友に相談するといまの私にそんなことを相談をするなんて信じられないとなじられました
460,突然床に不明な嘔吐されたものを見つけましたプリンの食欲がだんだん少なくなって病気になって入院しました,突然床に不明な嘔吐されたものを見つけましたプリンの食欲がだんだん少なくなって病気になって入院しました
461,アメリカの給料レポートによるとアメリカのceoの給料は労働者の0倍の給料だということだ,アメリカの給料レポートによるとアメリカのceoの給料は労働者の0倍の給料だということです
462,商業的に考えればカバンの商売がよくできたらお金を儲けてお金持ちになれるでしょうか,商業的に考えるならカバンの商売がよくできましたらお金を儲けてお金持ちになれるでしょうか
463,やはり言葉を身につけると世界が広がったり考えも変わったりしますよね,やはり言葉を身につけると世界が広がったり考えも変わったりしますよね
464,たぶん最初中国政府も日本の官僚たちがこんなことを起こして国会議員たちに圧力をかけて選挙を影響を与えるのが日本側の目的だと思っています,たぶん最初中国政府も日本の官僚たちがこんなことを起こして国会議員たちに圧力をかけて選挙を影響を与えるのが日本側の目的だと思っています
465,さてアメリカのceoの教育のレべルは日本のceoよりさらに高いのだろうか,さてアメリカのceoの教育のレべルは日本のceoよりさらに高いのでしょうか
466,(演じた)ドラマ映画サイゴン・ラブ・ストーリーラブ・ストーリー,(演じた)ドラマ映画サイゴン・ラブ・ストーリーラブ・ストーリー
467,日本語の先生の中で大島先生のことが一番好きですから一言もいえずに会えなくなっちゃって寂しい感じがしました...ちゃんと戻ってきてくれるかなってちょっと心配になってきました,日本語の先生の中で大島先生のことが一番好きですから一言もいえずに会えなくなってしまって寂しい感じがしました...ちゃんと戻ってきてくれるかなと少し心配になってきました
468,でも私の最後の高校のコンサートでしたのでちょっと悲しいです,でも私の最後の高校のコンサートでしたのでちょっと悲しいです
469,ほかのユーザによって自分のアカウントで添削した箇所に関してのコメントを見ることができないことを指摘されました,ほかのユーザによって自分のアカウントで添削した箇所に関してのコメントを見ることができないことを指摘されました
470,中国の漁船が日本の海上保安庁の船に故意に激突これについては証拠のビデオがあるそうです,中国の漁船が日本の海上保安庁の船に故意に激突しましたこれについては証拠のビデオがあるそうです
471,でも最近日本の女の子の間でとても人気がある森ガールというスタイルは私もすごく気に入っていました,でも最近日本の女の子の間でとても人気がある森ガールというスタイルは私もとても気に入っていました
472,その時に人がedisonはむだなことをしていると思いました,その時に人がedisonはむだなことをしていると思いました
473,また日本の若者たちに歌舞伎という言葉を聞いてどういったことを思い浮かべるかという質問をしてみたら彼たちはいったいどう答えるでしょうか,また日本の若者たちに歌舞伎という言葉を聞いてどういったことを思い浮かべるかという質問をしてみたら彼たちはいったいどう答えるでしょうか
474,まずこの格差がある理由を知るためにはceoと労働者の給料の平均に基づいてデータを分析する,まずこの格差がある理由を知るためにはceoと労働者の給料の平均に基づいてデータを分析します
475,気象庁は宮城県沿岸に津波警報を発令青森県の太平洋沿岸と岩手福島茨城各県の沿岸には津波注意報を発令しました,気象庁は宮城県沿岸に津波警報を発令青森県の太平洋沿岸と岩手福島茨城各県の沿岸には津波注意報を発令しました
476,特に最後の元気そうなお母ちゃんとその子供の笑顔に心が温まった,特に最後の元気そうなお母さんとその子供の笑顔に心が温まりました
477,週末街に出た,週末街に出てきました
478,今日は辞書が届きます確かにすごい辞書ですけど字がちょっと細かすぎます,今日は辞書が届きます確かにすごい辞書ですけど字がちょっと細かすぎます
479,だから姉さんが私の姿を見るとお前姿を見えないほど太ったまるでボールみたいって言いました,ですのでお姉様が私の姿をご覧になるとお前姿を見えないほど太ったまるでボールみたいとおっしゃいました
480,でも障害も難しいこともありますから度夢とか希望を果たすことができません,でも障害も難しいこともありますから度夢とか希望を果たすことができません
481,だから今日はバイクを買っちゃいました格好よくない中古車ですけど,だから今日はバイクを買ってしまいました格好よくない中古車ですけど
482,そうするともともと自分が理解できないことも何となく分かると思います,そうするともともとご自分が理解できないことも何となくお分かりになると思います
483,最近日本の小説あるいはエッセイなどをすらすらとつまらずに一気に読むことができたような気がしました,最近日本の小説あるいはエッセイなどをすらすらとつまらずに一気に読むことができたような気がしました
484,アメリカの金持ちならソフトウェアの会社の会長ビル・ゲイツほど財産が多い人はいない,アメリカの金持ちならソフトウェアの会社の会長ビル・ゲイツほど財産が多い人はいない
485,よく一番人気があるアトラクションで人がいる時に遊ぶために長く待ちます,よく一番人気があるアトラクションで人がいる時に遊ぶために長く待ちます
486,あまり鋭くありませんがこんなに小さい小ナイフなら十分です,あまり鋭くありませんがこんなに小さい小ナイフなら十分です
487,正直に言うと私は音痴の上にたくさんの人の前で大声で話すことさえできませんでした,正直に言うと私は音痴の上にたくさんの人の前で大声で話すことさえできませんでした
488,0日から0日まではavconというアニメとテレビゲームの大会です,0日から0日まではavconというアニメとテレビゲームの大会です
489,そこで中国語に変える場合は頭が回転しないといけないくらいひねってどう組めばいいかなと戸惑うことがしょっちゅうです,そこで中国語に変える場合は頭が回転しないといけないくらいひねってどう組めばいいかなと戸惑うことがしょっちゅうです
490,那覇裁判所は日本の国内法で裁判したこういうやり方は適当なのかと考えています,那覇裁判所は日本の国内法で裁判したこういうやり方は適当なのかと考えています
491,学校で知識を詰め込む教育に学生は困っていていい成績の競争は大変だ,学校で知識を詰め込む教育に学生は困っていていい成績の競争は大変です
492,お前がママに渡してくれよ,あなたがお母さんに渡して下さいよ
493,edisonエジソンはひゃっかいでもせんかいでも失敗しました,edisonエジソンはひゃっかいでもせんかいでも失敗しました
494,この賞のおかげでアン・ツーホー・ゴク・ハースアン・ランと同様学生の花モデルというユースファッションモデルクラブに参加した,この賞のおかげでアン・ツーホー・ゴク・ハースアン・ランと同様学生の花モデルというユースファッションモデルクラブに参加しました
495,でも私の最後の高校のコンサートでしたのでちょっと悲しいです,でも私の最後の高校のコンサートでしたので少し悲しいです
496,一人ぼっちになった私が教室でもうどうにも我慢できなくて大声で泣き出しました,一人ぼっちになった私が教室でもうどうにも我慢できなくて大声で泣き出しました
497,ところで一番聞き取りにくかったのがやっぱりおばあちゃんの言葉だった,ところで一番聞き取りにくかったのがやっぱりおばあちゃんの言葉でした
498,ハノイで行われたヒェン・ツクさんのライブショーに参加したばかりだがサイゴン・ラブ・ストーリーの俳優のフア・ビー・バンはもうすぐ開催される上海国際フィルムフェスティバルの準備で忙しそうだ,ハノイで行われたヒェン・ツクさんのライブショーに参加したばかりですがサイゴン・ラブ・ストーリーの俳優のフア・ビー・バンはもうすぐ開催される上海国際フィルムフェスティバルの準備で忙しそうです
499,外国人が日本に来て数年で花粉症になったという話もよく聞く,外国人が日本に来て数年で花粉症になったという話もよく聞きます
500,好きな歌手はカナダの女性ロッカーのアブリルラビンだと言いました,好きな歌手はカナダの女性ロッカーのアブリルラビンだとおっしゃいました
501,今年の苺はまずい,今年の苺はおいしくないです
502,今日は授業がありますので明日授業の後一緒に外食に行くことにします,今日は授業がありますので明日授業の後一緒に外食に行くことにします
503,人に聞いたら日本語が上手になるためにはいい辞書がなければならないと言われましたそれで僕はいい辞書を探しはじめました,人に聞いたら日本語が上手になるためにはいい辞書がなければならないと言われましたそれで僕はいい辞書を探しはじめました
504,この文章はキャノン杯スピーチ特訓班の発表のテーマとして書いています,この文章はキャノン杯スピーチ特訓班の発表のテーマとして書いています
505,経済的に親から独立しているからアルバイトができるまで奨学金を仰がなければならないんです,経済的に親から独立しているのでアルバイトができるまで奨学金を仰がなければならないのです
506,そしてネット上ではこのセリフをまねてそんなooで大丈夫かと尋ねると大丈夫だ問題ないと答えるやりとりが大流行でした,そしてネット上ではこのセリフをまねてそんなooで大丈夫かと尋ねると大丈夫だ問題ないと答えるやりとりが大流行でした
507,たとえば今日本の若者文化のシンボルと言えば私はなんとなくロリータファッションを頭に浮かべました,たとえば今日本の若者文化のシンボルと言えば私はなんとなくロリータファッションを頭に浮かべました
508,今までスロバキアにいてインターネットがなくてちょっと困ったので七月の半期はlang-0にエントリーを書くことができませんでした,今までスロバキアにいてインターネットがなくてちょっと困ったので七月の半期はlang-0にエントリーを書くことができませんでした
509,相手をどんなに愛しても自分が相手にどんなに愛されても恋人になったらいつか別れると彼女はそう信じます,相手をどんなに愛しても自分が相手にどんなに愛されても恋人になったらいつか別れると彼女はそう信じます
510,水俣病の生存者と生存者の家族の証言によると水俣病はとてもひどい病だったらしい,水俣病の生存者と生存者の家族の証言によると水俣病はとてもひどい病だったらしいです
511,今夜はオーロラ綺麗に出るかなって思った,今夜こそきれいなオーロラが出るかなって思いました
512,楽しい一日だった友達と一緒にいて動物を見るのは最高だね,楽しい一日でしたお友達と一緒にいて動物を見ることは最高ですね
513,国内の皆さんもそれを知っていると思います実は国内で今回の中国政府の抗議しかしないやり方が弱いと批判されています,国内の皆さんもそれを知っていると思います実は国内で今回の中国政府の抗議しかしないやり方が弱いと批判されています
514,以下のようなフレーズがあります自分を信じるわや宝くじ当たったの,以下のようなフレーズがあります自分を信じるわや宝くじ当たったの
515,だから私だけはどんなに疲れても絶対思う存分やらせておきたい,だから私だけはどんなに疲れても絶対思う存分やらせておきたいです
516,クレジットカードをスキャンしましたそしておきゃくさんが払いました,クレジットカードをスキャンしましたそしておきゃくさまがお支払いになりました
517,たぶんどこかでtop secretとして封印されるかもしれません,たぶんどこかでtop secretとして封印されるかもしれません
518,日本のみへのレアアース輸出の禁止wto違反や日本関係の通関手続きの妨害とかもしていた原因でもあると思います,日本のみへのレアアース輸出の禁止wto違反や日本関係の通関手続きの妨害などもしていた原因でもあると思います
519,ある友達からspirited awayという映画をもらってるんで次はそれにしようかな,ある友達からspirited awayという映画をもらっているので次はそれにしようかな
520,どのくらい再び愛することが出来ますか(有多少愛可以重來)という歌は,どのくらい再び愛することが出来ますか(有多少愛可以重來)という歌は
521,明日友達と一緒に町へ行ってきますもっとネイルチップがほしいです笑,明日友達と一緒に町へ行ってきますもっとネイルチップがほしいです笑
522,日本語は違うと思いますが確かじゃないので例をもらえたら助かります,日本語は違うと思いますが確かではないので例をもらえたら助かります
523,軍事行為を諦めない通告が報道された後もう一つの日本の国内ニュースを考えてください,軍事行為を諦めない通告が報道された後もう一つの日本の国内ニュースを考えてください
524,このようなことは屋上でタバコをすってもく制服を変えて時ちゅうと退学する,このようなことは屋上でタバコをすってもく制服を変えて時ちゅうと退学します
525,ちなみに…明日の夜叔母の家にとまりに行ってきます待ちきれません☆,ちなみに…明日の夜叔母の家にとまりに行ってきます待ちきれません☆
526,なぜかよく分からないが日本人とスカイプコールをするたびに通信が悪くなる,なぜかよく分かりませんが日本人とスカイプコールをするたびに通信が悪くなります
527,帰る途中私達は天津の有名なお菓子耳の目という揚げ餅を買いました,帰る途中私達は天津の有名なお菓子耳の目という揚げ餅を買いました
528,だいがくのクラブのjapanese student association (jsa)がホストです,だいがくのクラブのjapanese student association (jsa)がホストでいらっしゃいます
529,西洋のクリスマスとかバレンタインデーとか中日でもとても人気があってブームになってきましたが自国の伝統的な祝日は昔の人と同じようにちゃんとすごしているんですか,西洋のクリスマスやバレンタインデーなど中日でもとても人気があってブームになってきましたが自国の伝統的な祝日は昔の人と同じようにちゃんとすごしているのですか
530,皆さんに京劇という言葉を聞いてどういったことを思い浮かべるかという質問をしてみたら皆さんはどう答えるつもりですか,皆様に京劇という言葉を聞いてどのようなことを思い浮かべますかという質問をしてみましたら皆様はどうお答えになるつもりですか
531,機動性を求めてる人に対してはやっぱりバイクを持ってないと無理です,機動性を求めてる人に対してはやっぱりバイクを持ってないと無理です
532,次の日も結婚式は続いていましたが私は大きい音楽で頭痛がしたので帰りました,次の日も結婚式は続いていましたが私は大きい音楽で頭痛がしたので帰りました
533,このストーリーは実らない恋についてのちょっと悲しいストーリーです,このストーリーは実らない恋についての少し悲しいストーリーです
534,lang-0においてバグ・レポートを提出させていただきたいと思います,lang-0においてバグ・レポートを提出させていただきたいと存じます
535,警視庁によると乗客と運転手の計0人が意識不明の状態で病院に搬送されいずれも死亡が確認された,警視庁によると乗客と運転手の計0人が意識不明の状態で病院に搬送されいずれも死亡が確認されました
536,私はずっとそれを信じて日本に留学したいですほかの国で外の視点から自分の国のことをもう一度見つめていたいです,私はずっとそれを信じて日本に留学したいですほかの国で外の視点から自分の国のことをもう一度見つめていたいです
537,原因は友達が不定時に猫に餌をやるからでプリンはお腹がすきすぎて,原因は友達が不定時に猫に餌をやるからでプリンはお腹がすきすぎて
538,霍さんはインターンシップに行きましたので0人が残っています,霍さんはインターンシップに行きましたので0人が残っています
539,夏休みの宿題がぜんぜん書けないよ母さんはダメですみませんね・・・・・さっきあるコスプレの同志が手伝おうって言った感動した,夏休みの宿題がぜんぜん書けないよ母さんはダメですみませんね・・・・・さきほどあるコスプレの同志が手伝おうと言いました感動しました
